,res_state,res_county,num_infected,num_hosp,num_not_hosp,percent_hosp
0,NC,IREDELL,19195,425,7141,0.05617234998678298
1,PA,NORTHUMBERLAND,9672,353,1856,0.15980081484834766
2,VA,BEDFORD,6624,242,2754,0.08077436582109479
3,VA,CHARLOTTESVILLE CITY,3970,105,3173,0.032031726662599146
4,CT,NEW HAVEN,86002,4699,8697,0.3507763511495969
5,GA,BRYAN,3002,55,84,0.39568345323741005
6,OH,BUTLER,38429,1748,20638,0.07808451710890735
7,PA,MERCER,9674,299,2638,0.10180456247871979
8,TN,CLAIBORNE,2721,91,1336,0.06377014716187807
9,TN,COCKE,4063,118,1833,0.06048180420297283
10,TN,LAWRENCE,5740,158,2435,0.060933281912842266
11,VA,NEWPORT NEWS CITY,13802,487,6175,0.07310117081957371
12,AZ,COCONINO,18015,1414,8674,0.1401665344964314
13,CA,RIVERSIDE,292184,7680,87407,0.08076813865197136
14,ID,BANNOCK,8838,410,6949,0.05571409158853105
15,IL,WINNEBAGO,34160,1106,9198,0.10733695652173914
16,NY,LIVINGSTON,4328,8,125,0.06015037593984962
17,OH,GEAUGA,6761,372,1217,0.2341095028319698
18,OK,MCCURTAIN,3923,303,2629,0.10334242837653479
19,PA,WAYNE,4121,90,902,0.0907258064516129
20,AL,NA,51067,1467,12954,0.10172664863740379
21,OH,BROWN,3975,54,360,0.13043478260869565
22,OR,DOUGLAS,3450,315,2891,0.0982532751091703
23,PA,MCKEAN,3739,132,1242,0.09606986899563319
24,AL,BARBOUR,2132,68,623,0.09840810419681621
25,IN,LAWRENCE,3471,37,939,0.03790983606557377
26,IN,PUTNAM,2070,7,67,0.0945945945945946
27,KS,SUMNER,2213,126,1471,0.07889793362554791
28,MI,JACKSON,9799,372,5970,0.0586565752128666
29,NC,ALAMANCE,18966,1022,13311,0.07130398381357705
30,OK,MUSKOGEE,9334,750,4871,0.13342821561999643
31,OK,OKMULGEE,3817,312,2669,0.10466286481046629
32,WI,MARATHON,14930,746,11752,0.05968955032805249
33,WY,NA,1297,112,843,0.11727748691099477
34,IL,DUPAGE,92707,6275,59794,0.09497646399975783
35,KY,NA,76052,3318,55151,0.05674802031845935
36,MI,DICKINSON,2300,51,1534,0.032176656151419555
37,MI,MIDLAND,6812,310,5375,0.05452946350043975
38,OK,WOODWARD,3119,136,1247,0.09833694866232827
39,SC,FLORENCE,18288,1223,11363,0.09717146035277292
40,WI,GREEN,3374,163,2469,0.06193009118541033
41,CO,MESA,14958,768,8658,0.08147676639083386
42,FL,WAKULLA,1990,106,1397,0.07052561543579508
43,GA,EFFINGHAM,3877,65,109,0.3735632183908046
44,MA,NORFOLK,63432,1928,11309,0.1456523381430838
45,MN,WABASHA,2027,76,100,0.4318181818181818
46,NC,JOHNSTON,22153,667,12867,0.04928328653760899
47,SC,BERKELEY,18103,451,9881,0.04365079365079365
48,SC,FAIRFIELD,2449,143,1342,0.0962962962962963
49,TN,SUMNER,23496,724,6621,0.09857045609257999
50,TN,WILSON,18697,352,6717,0.049794879049370494
51,WI,DUNN,4612,149,2207,0.0632427843803056
52,AR,BOONE,2896,133,2025,0.061631139944392954
53,ID,TWIN FALLS,9712,765,6347,0.10756467941507311
54,MN,DAKOTA,46866,2549,1154,0.6883607885498245
55,NY,CHEMUNG,8258,15,72,0.1724137931034483
56,OH,FULTON,4265,238,2586,0.08427762039660057
57,OH,JACKSON,3136,198,2537,0.07239488117001829
58,OK,GARVIN,3582,233,2486,0.08569326958440603
59,AR,POPE,6371,418,4642,0.08260869565217391
60,GA,DEKALB,50379,444,432,0.5068493150684932
61,GA,FULTON,81704,289,421,0.4070422535211268
62,ID,BINGHAM,4797,285,3754,0.07056202030205497
63,IN,WARRICK,1116,22,401,0.05200945626477541
64,NJ,GLOUCESTER,31606,3829,16930,0.18445011802109929
65,AZ,PINAL,53618,5383,19998,0.21208778219928293
66,CO,TELLER,1820,131,1112,0.10539018503620273
67,GA,BARROW,6888,117,356,0.24735729386892177
68,GA,JACKSON,6783,95,407,0.1892430278884462
69,GA,LOWNDES,8573,119,409,0.22537878787878787
70,MI,LAPEER,8086,418,4126,0.09198943661971831
71,TN,DYER,5141,117,2632,0.04256093124772645
72,FL,SANTA ROSA,12144,578,9483,0.05744955769804194
73,ID,CASSIA,2920,107,1797,0.05619747899159664
74,IN,KNOX,2647,50,105,0.3225806451612903
75,NC,ROWAN,17134,615,7557,0.07525697503671072
76,NC,WILSON,9802,865,7000,0.10998092816274635
77,PA,SNYDER,3619,219,959,0.18590831918505943
78,SC,CHESTERFIELD,4999,307,3093,0.09029411764705883
79,VA,HENRY,4620,367,3101,0.1058246828143022
80,VA,SPOTSYLVANIA,10085,317,4122,0.07141248028835323
81,AR,BAXTER,2193,191,1435,0.11746617466174662
82,FL,COLLIER,24132,1109,16082,0.06451049968006516
83,GA,CHATTOOGA,2412,1,3,0.25
84,IL,LIVINGSTON,4890,80,529,0.13136288998357964
85,OH,COLUMBIANA,8996,495,3336,0.12920908379013313
86,OH,JEFFERSON,5615,261,2938,0.08158799624882776
87,PA,CUMBERLAND,20569,497,3627,0.12051406401551891
88,SC,CHARLESTON,44309,1045,22506,0.044371788883699206
89,VA,FAIRFAX,76655,4045,64907,0.058663998143636154
90,WA,ISLAND,1821,97,1723,0.053296703296703295
91,WA,KITSAP,8702,377,8323,0.043333333333333335
92,AR,WHITE,5160,223,3328,0.0627992114897212
93,CA,FRESNO,102949,4195,48208,0.0800526687403393
94,FL,BRADFORD,2677,114,2301,0.04720496894409938
95,IA,LEE,3876,33,805,0.03937947494033413
96,IA,STORY,10828,61,3073,0.0194639438417358
97,ID,LATAH,3194,36,2119,0.016705336426914155
98,IL,KANKAKEE,14561,426,1942,0.17989864864864866
99,IN,FLOYD,5017,138,647,0.17579617834394903
100,IN,KOSCIUSKO,5339,19,107,0.15079365079365079
101,KS,MCPHERSON,3333,182,2594,0.06556195965417867
102,KY,DAVIESS,8990,237,6081,0.03751187084520418
103,KY,OLDHAM,3418,132,1822,0.06755373592630501
104,MA,BARNSTABLE,16474,493,4049,0.10854249229414355
105,MI,MENOMINEE,1743,81,1165,0.06500802568218299
106,PA,MONROE,14781,367,3824,0.087568599379623
107,TN,MARSHALL,4048,92,1776,0.04925053533190578
108,WA,BENTON,17665,910,16755,0.05151429380130201
109,CO,LA PLATA,3945,144,2841,0.04824120603015075
110,FL,WALTON,4196,224,2948,0.07061790668348046
111,IN,CLAY,1827,11,7,0.6111111111111112
112,MS,HINDS,3592,428,2101,0.16923685251087386
113,NC,DAVIDSON,16908,554,5855,0.08644094242471524
114,NC,DUPLIN,6287,376,5406,0.06502940159114494
115,NV,CLARK,256144,17848,149359,0.10674194262201941
116,NY,ALBANY,25241,400,2086,0.16090104585679807
117,OH,GALLIA,2352,137,2037,0.06301747930082796
118,PA,JEFFERSON,3304,66,753,0.08058608058608059
119,VA,DINWIDDIE,2035,92,987,0.08526413345690455
120,CA,SACRAMENTO,107765,5204,28648,0.15372799243766985
121,MD,BALTIMORE CITY,49696,335,1061,0.23997134670487105
122,MD,CECIL,6688,532,3228,0.14148936170212767
123,NC,WAKE,89281,1214,33340,0.03513341436592001
124,NJ,MORRIS,51571,5124,29046,0.14995610184372257
125,NY,ALLEGANY,3477,1,4,0.2
126,TN,HAMILTON,44017,1212,24154,0.04778049357407554
127,AL,MONROE,1635,36,409,0.08089887640449438
128,CO,EL PASO,63767,3392,14335,0.19134653353641337
129,IA,MARION,3704,62,956,0.060903732809430254
130,IA,POLK,58917,500,13650,0.0353356890459364
131,IA,WAPELLO,4292,148,1506,0.08948004836759371
132,MI,INGHAM,12321,893,8655,0.09352744030163385
133,MN,MILLE LACS,3091,237,99,0.7053571428571429
134,PA,DELAWARE,52258,2667,21272,0.1114081624127992
135,WI,CHIPPEWA,6564,240,3363,0.06661115736885928
136,WI,ROCK,16588,848,11144,0.07071380920613743
137,AR,CLARK,1683,127,1130,0.10103420843277645
138,VA,CAMPBELL,4505,182,1949,0.08540591271703425
139,VA,ROANOKE,8352,184,3437,0.0508146920740127
140,IA,LINN,21483,460,5307,0.07976417548118606
141,IL,PERRY,3176,120,1963,0.05760921747479597
142,NC,HENDERSON,10280,299,6135,0.046471868200186506
143,NY,CHENANGO,3435,23,101,0.18548387096774194
144,SC,CHESTER,4340,192,2193,0.08050314465408805
145,IL,KNOX,5634,150,1349,0.1000667111407605
146,MN,FILLMORE,1517,62,72,0.4626865671641791
147,OH,CARROLL,1915,131,1388,0.08624094799210007
148,OH,MUSKINGUM,8858,636,7214,0.08101910828025477
149,OH,OTTAWA,3707,246,1961,0.11146352514725873
150,OK,LINCOLN,3204,226,1925,0.10506741050674105
151,OR,LINCOLN,1348,64,1137,0.05328892589508743
152,TN,BRADLEY,14233,692,6382,0.0978230138535482
153,TN,GILES,3691,107,1573,0.06369047619047619
154,VA,ROCKBRIDGE,1512,52,885,0.05549626467449306
155,WA,MASON,2864,125,2738,0.04366049598323437
156,CA,HUMBOLDT,4423,213,3651,0.05512422360248447
157,CA,STANISLAUS,56841,2896,23299,0.11055544951326589
158,FL,PALM BEACH,118383,4915,66655,0.06867402542964929
159,IL,LASALLE,12788,346,2457,0.12343917231537638
160,IN,DAVIESS,2089,39,48,0.4482758620689655
161,SC,PICKENS,19147,546,9297,0.0554708930204206
162,AL,DALE,4651,83,1308,0.05966930265995687
163,AR,POINSETT,2703,281,1786,0.13594581519109822
164,MN,BELTRAMI,4047,234,50,0.823943661971831
165,NC,NEW HANOVER,19454,402,10760,0.03601505106611718
166,PA,MIFFLIN,5403,49,670,0.06815020862308763
167,CA,MADERA,16605,521,8368,0.05861176735290809
168,CO,DENVER,63977,4374,17686,0.1982774252039891
169,MD,ANNE ARUNDEL,35722,261,1142,0.18602993585174626
170,MI,BERRIEN,13849,771,6361,0.10810431856421761
171,PA,SOMERSET,8040,236,1291,0.15455140798952194
172,RI,BRISTOL,4004,7,22,0.2413793103448276
173,UT,WASHINGTON,20072,329,19742,0.016391809077773902
174,VA,HALIFAX,2638,75,842,0.08178844056706652
175,VA,SUFFOLK CITY,7829,452,5075,0.0817803510041614
176,GA,GILMER,2683,8,6,0.5714285714285714
177,OH,ASHTABULA,6422,399,546,0.4222222222222222
178,TN,SULLIVAN,16795,798,6657,0.10704225352112676
179,AL,TALLADEGA,7798,184,2251,0.075564681724846
180,CO,BOULDER,19567,852,9150,0.08518296340731854
181,IL,JACKSON,5069,179,1814,0.08981435022579026
182,NJ,BERGEN,106769,11081,53447,0.17172390280188446
183,NJ,CAMDEN,58257,7083,31906,0.18166662391956706
184,NM,CIBOLA,3524,246,661,0.27122381477398017
185,PA,CENTRE,16871,227,3994,0.05377872542051647
186,CO,LARIMER,21410,1172,1849,0.3879510095994704
187,IN,MONROE,5841,20,206,0.08849557522123894
188,NJ,OCEAN,78985,8145,40851,0.1662380602498163
189,NY,DUTCHESS,30484,331,740,0.30905695611577966
190,GA,HARRIS,1831,20,18,0.5263157894736842
191,GA,PUTNAM,1529,38,145,0.20765027322404372
192,IA,MUSCATINE,4990,125,1289,0.0884016973125884
193,KS,LEAVENWORTH,6987,349,4546,0.07129724208375894
194,NC,COLUMBUS,6399,421,4326,0.08868759216347166
195,NJ,HUDSON,89080,9220,42523,0.17818835398024854
196,NM,SAN MIGUEL,1362,120,92,0.5660377358490566
197,OK,OTTAWA,4055,175,2584,0.06342877854295034
198,PA,WASHINGTON,17837,498,4024,0.11012826183104821
199,FL,BROWARD,201236,7877,146770,0.05093535600431952
200,KS,MIAMI,2825,207,2061,0.09126984126984126
201,KY,HARLAN,2475,123,906,0.119533527696793
202,MO,BOONE,1345,1,4,0.2
203,ND,BURLEIGH,3899,172,3613,0.04544253632760898
204,TN,CARROLL,3470,83,1700,0.04655075715086932
205,NC,BUNCOMBE,18017,576,10686,0.05114544485881726
206,OH,PICKAWAY,8603,323,3438,0.08588141451741559
207,SC,WILLIAMSBURG,4166,291,2678,0.09801279892219603
208,UT,IRON,5721,43,5677,0.007517482517482518
209,CA,MONTEREY,43128,1408,17785,0.07336007919554004
210,GA,CHEROKEE,26709,224,148,0.6021505376344086
211,MD,DORCHESTER,2495,101,2331,0.041529605263157895
212,TN,SHELBY,95163,3885,33022,0.10526458395426341
213,NC,SAMPSON,8060,441,6477,0.06374674761491761
214,AR,WASHINGTON,23337,886,16665,0.05048145404820238
215,FL,CHARLOTTE,9135,546,6417,0.07841447651874192
216,IL,IROQUOIS,3123,129,301,0.3
217,MN,WINONA,4576,52,163,0.24186046511627907
218,NY,OSWEGO,7591,11,69,0.1375
219,OH,HURON,5494,360,4393,0.07574163686092994
220,SC,LAURENS,7530,286,3192,0.08223116733755031
221,TN,HAWKINS,6055,166,2502,0.06221889055472264
222,VA,SMYTH,2923,201,1988,0.0918227501142074
223,VT,WASHINGTON,1791,48,1621,0.028759736369083282
224,IA,CARROLL,2886,56,1053,0.05049594229035167
225,IN,MARION,47356,1278,2419,0.3456856911008926
226,IN,RANDOLPH,1628,22,130,0.14473684210526316
227,MI,SHIAWASSEE,5686,188,2901,0.060861120103593395
228,NY,ESSEX,1235,8,37,0.17777777777777778
229,NY,ORANGE,51799,1986,23411,0.07819821238728984
230,VA,CAROLINE,2632,61,919,0.06224489795918367
231,IA,JASPER,4260,48,1046,0.043875685557586835
232,IN,ELKHART,16430,155,354,0.3045186640471513
233,OH,TRUMBULL,16471,1212,9584,0.11226380140792887
234,PA,LEBANON,16093,709,2907,0.19607300884955753
235,TN,ROBERTSON,9225,450,3847,0.1047242262043286
236,UT,UINTAH,2673,14,2657,0.005241482590789966
237,DE,NA,3665,2,18,0.1
238,IA,SIOUX,5331,78,1967,0.038141809290953545
239,NV,ELKO,5098,312,4159,0.06978304629836725
240,VA,RUSSELL,2262,128,1657,0.07170868347338935
241,WI,BROWN,32621,1419,20894,0.06359521355263748
242,AZ,NAVAJO,16704,1850,4935,0.2726602800294768
243,CT,NA,3248,133,699,0.15985576923076922
244,GA,BULLOCH,5461,47,31,0.6025641025641025
245,IL,MCLEAN,18552,586,5238,0.10061813186813187
246,KY,CALLOWAY,3244,94,2835,0.03209286445885968
247,NJ,NA,9407,332,2169,0.1327469012395042
248,NJ,PASSAIC,74685,8357,42017,0.16589907491960137
249,NM,SANTA FE,10844,619,1050,0.3708807669263032
250,NY,ONEIDA,21751,112,615,0.15405777166437415
251,OH,WOOD,13240,655,7321,0.08212136409227683
252,RI,NEWPORT,4818,7,52,0.11864406779661017
253,WI,WOOD,6794,283,3401,0.07681867535287731
254,AR,MISSISSIPPI,5096,445,3393,0.11594580510682648
255,GA,ROCKDALE,6497,17,12,0.5862068965517241
256,ME,YORK,13435,379,9796,0.03724815724815725
257,MN,ST. LOUIS,18096,1092,446,0.7100130039011704
258,NH,STRAFFORD,8775,94,5285,0.0174753671686187
259,NY,ERIE,93663,1123,2492,0.31065006915629323
260,NY,HERKIMER,5110,19,90,0.1743119266055046
261,OH,FRANKLIN,128449,3942,64957,0.057214183079580254
262,WI,ONEIDA,3427,180,1363,0.11665586519766688
263,WV,NA,7685,33,74,0.308411214953271
264,AL,MARION,2943,82,851,0.08788853161843516
265,CA,GLENN,2400,145,1502,0.0880388585306618
266,CO,ROUTT,2113,38,1625,0.022850270595309682
267,FL,SUWANNEE,4320,227,3578,0.05965834428383705
268,KS,LYON,4283,254,3567,0.06647474483119602
269,RI,WASHINGTON,8225,13,67,0.1625
270,VA,PORTSMOUTH CITY,8884,670,4410,0.13188976377952755
271,WA,CLARK,25812,1414,24394,0.05478921264724117
272,WI,DOUGLAS,4338,162,3182,0.04844497607655503
273,CO,MORGAN,2292,261,836,0.23792160437556972
274,IL,CHRISTIAN,3796,89,332,0.21140142517814728
275,IL,MARION,4502,135,348,0.2795031055900621
276,ND,NA,6915,451,6195,0.0678603671381282
277,NY,FRANKLIN,2492,1,13,0.07142857142857142
278,NY,QUEENS,279065,35093,4819,0.8792593706153538
279,UT,CACHE,16481,32,16448,0.001941747572815534
280,VA,ORANGE,2177,82,1368,0.05655172413793103
281,IL,COLES,5766,299,835,0.263668430335097
282,IL,FAYETTE,3193,140,2623,0.05066956207021354
283,MN,SHERBURNE,11985,501,379,0.5693181818181818
284,MS,FORREST,1034,122,754,0.13926940639269406
285,NC,MARTIN,2295,219,1136,0.16162361623616237
286,NC,ROCKINGHAM,8058,461,5402,0.07862868838478594
287,OH,ASHLAND,4307,297,3044,0.08889554025740797
288,WI,LA CROSSE,12197,413,2794,0.12878079201746181
289,FL,DUVAL,70230,1726,22321,0.07177610512745873
290,FL,HENDRY,3493,261,2796,0.08537782139352307
291,IN,NOBLE,3173,11,77,0.125
292,NC,BURKE,10063,195,4207,0.044298046342571555
293,OH,MEDINA,15543,745,7087,0.09512257405515832
294,WI,CLARK,3250,241,2816,0.07883545960091592
295,WI,TREMPEALEAU,3273,115,1361,0.07791327913279132
296,WI,VILAS,1993,116,1386,0.07723035952063914
297,AL,LAUDERDALE,8880,150,2632,0.05391804457225018
298,IN,RIPLEY,2005,6,31,0.16216216216216217
299,OR,COOS,2102,144,1793,0.0743417656169334
300,RI,PROVIDENCE,81366,92,494,0.15699658703071673
301,VA,RICHMOND CITY,16972,815,8371,0.08872196821249728
302,VA,SALEM CITY,2200,72,925,0.07221664994984955
303,WI,WALWORTH,10371,405,3670,0.09938650306748466
304,MA,MIDDLESEX,145906,4906,38084,0.11411956268899744
305,NY,NEW YORK,137252,16610,3499,0.8259983092147795
306,SD,MINNEHAHA,30627,1,5,0.16666666666666666
307,ME,KENNEBEC,6565,169,4599,0.03544463087248322
308,OK,SEQUOYAH,4160,222,2451,0.08305274971941638
309,TN,FAYETTE,4902,141,2145,0.06167979002624672
310,TN,LINCOLN,4048,88,1489,0.05580215599239061
311,WA,OKANOGAN,2735,179,2556,0.06544789762340036
312,WA,SKAGIT,5974,348,5623,0.05828169485848267
313,AL,TUSCALOOSA,24467,474,6313,0.06983939885074407
314,FL,HIGHLANDS,6271,453,4515,0.09118357487922706
315,GA,WALTON,8852,50,49,0.5050505050505051
316,ND,CASS,5075,139,4794,0.028177579566186904
317,NJ,MONMOUTH,79172,8236,44258,0.1568941212329028
318,OH,DEFIANCE,4269,288,3808,0.0703125
319,OH,HIGHLAND,3560,195,835,0.18932038834951456
320,OH,MERCER,4812,398,3741,0.09615849238946605
321,OH,WARREN,24470,743,8303,0.08213575060800354
322,AZ,NA,3791,362,1434,0.20155902004454343
323,GA,PEACH,2021,19,34,0.3584905660377358
324,GA,TROUP,5563,64,141,0.3121951219512195
325,TN,OBION,4462,103,2057,0.047685185185185185
326,IA,JOHNSON,14713,145,4138,0.033854774690637406
327,IL,CHAMPAIGN,21077,168,2155,0.07232027550581145
328,NM,MCKINLEY,12391,1791,2954,0.377449947312961
329,NY,SCHENECTADY,13672,181,621,0.2256857855361596
330,TN,MADISON,11097,344,3351,0.09309878213802436
331,WA,PIERCE,56578,3576,52998,0.06320924806448192
332,AR,NA,48746,3471,30794,0.1012987012987013
333,GA,CLARKE,11292,80,260,0.23529411764705882
334,GA,DECATUR,2047,19,72,0.2087912087912088
335,MI,KENT,67997,1648,33841,0.046436924117332135
336,NC,CABARRUS,22248,723,10131,0.0666113875069099
337,NC,EDGECOMBE,5665,391,2977,0.11609263657957244
338,NY,RENSSELAER,11880,332,2687,0.10997018880423981
339,PA,BERKS,48290,977,10275,0.0868290081763242
340,VA,KING GEORGE,1712,57,612,0.08520179372197309
341,VA,WISE,3218,163,2154,0.07034958998705222
342,AL,LIMESTONE,9417,172,2956,0.054987212276214836
343,AZ,YUMA,37287,2294,16771,0.12032520325203253
344,NC,TRANSYLVANIA,2351,93,1602,0.05486725663716814
345,SC,GREENVILLE,75523,2216,32868,0.06316269524569604
346,TN,WARREN,5402,87,2304,0.03638644918444166
347,VI,NA,2607,127,2302,0.052284890901605596
348,AL,RANDOLPH,1795,54,528,0.09278350515463918
349,GA,CARROLL,9086,18,22,0.45
350,ID,MADISON,7307,95,5137,0.01815749235474006
351,IL,HENRY,5061,106,868,0.10882956878850103
352,MA,NA,5044,73,630,0.10384068278805121
353,TN,HAMBLEN,7687,256,3495,0.06824846707544655
354,FL,LEON,18797,480,12010,0.03843074459567654
355,IL,WILLIAMSON,7643,313,370,0.4582723279648609
356,NY,SUFFOLK,208611,1065,271,0.7971556886227545
357,OK,LOGAN,4259,218,2261,0.08793868495361033
358,OK,STEPHENS,4883,381,3536,0.09726831758999234
359,OR,WASCO,1366,53,1058,0.04770477047704771
360,VA,YORK,3649,76,1616,0.04491725768321513
361,VT,WINDHAM,1155,42,1062,0.03804347826086957
362,WA,YAKIMA,30554,1597,28956,0.052269826203646126
363,AL,CULLMAN,9363,135,2339,0.054567502021018593
364,CA,CONTRA COSTA,70413,6761,35995,0.15812985312002995
365,CO,DOUGLAS,27511,1133,8366,0.1192757132329719
366,ID,PAYETTE,2538,126,1917,0.06167400881057269
367,IN,CARROLL,2296,17,107,0.13709677419354838
368,IN,SCOTT,1794,18,101,0.15126050420168066
369,MA,HAMPDEN,55169,1797,7808,0.1870900572618428
370,MI,EMMET,1890,73,1508,0.046173308032890575
371,MN,BROWN,3034,145,106,0.5776892430278885
372,MN,OLMSTED,13361,622,732,0.45937961595273263
373,NC,PENDER,5476,162,1697,0.08714362560516406
374,NC,PITT,20362,464,7987,0.05490474500059164
375,OH,RICHLAND,11569,644,5758,0.10059356451109028
376,VA,NORFOLK CITY,17625,1027,9701,0.09573079791200596
377,WI,TAYLOR,1886,66,1069,0.05814977973568282
378,WI,WAUKESHA,43508,2156,19775,0.0983083306734759
379,IN,WHITLEY,1843,5,29,0.14705882352941177
380,NC,POLK,1467,67,1065,0.05918727915194346
381,NM,LUNA,3333,176,262,0.4018264840182648
382,NY,STEUBEN,7030,37,181,0.16972477064220184
383,OH,MAHONING,22209,1065,7557,0.12352122477383437
384,WA,GRANT,9287,448,8839,0.04823947453429525
385,AL,CHEROKEE,1735,33,450,0.06832298136645963
386,GA,NA,148125,1087,2246,0.32613261326132614
387,IL,MACON,10985,455,3087,0.12845849802371542
388,MA,BERKSHIRE,6831,249,1464,0.14535901926444833
389,OH,LICKING,16639,356,4575,0.07219630906509836
390,TN,DEKALB,2672,57,1122,0.04834605597964377
391,AR,YELL,2875,171,2050,0.0769923457901846
392,GA,FANNIN,1881,15,12,0.5555555555555556
393,MO,ST. LOUIS CITY,5026,4,1,0.8
394,NC,RUTHERFORD,7365,294,3292,0.08198549916341327
395,PA,LAWRENCE,7643,200,2157,0.0848536274925753
396,WA,COWLITZ,6525,337,6188,0.05164750957854406
397,CA,SAN BENITO,6030,266,3534,0.07
398,IL,KENDALL,13267,674,3482,0.16217516843118382
399,IL,STEPHENSON,4817,135,1224,0.09933774834437085
400,KY,PIKE,4935,95,2161,0.04210992907801418
401,MI,OSCEOLA,1656,81,931,0.0800395256916996
402,MI,TUSCOLA,4837,279,2726,0.09284525790349418
403,TN,FRANKLIN,4957,110,2087,0.05006827492034593
404,FL,HARDEE,2700,167,2311,0.06739305891848264
405,GA,HENRY,20348,34,57,0.37362637362637363
406,MD,QUEEN ANNE'S,4060,114,1810,0.059251559251559255
407,NC,ASHE,2200,40,1478,0.026350461133069828
408,NH,COOS,1449,13,855,0.014976958525345621
409,OH,ADAMS,2389,149,1445,0.09347553324968633
410,OH,CLARK,14112,515,7904,0.06117116047036465
411,OK,CARTER,6237,265,3838,0.06458688764318792
412,SC,YORK,32436,934,16135,0.05471908137559318
413,UT,TOOELE,6889,24,6865,0.003483814777181013
414,VA,ALBEMARLE,5756,226,4201,0.051050372712898126
415,VA,HENRICO,25395,1089,12735,0.07877604166666667
416,WI,ST. CROIX,8308,310,5456,0.053763440860215055
417,AZ,PIMA,117311,8678,50527,0.14657545815387213
418,MS,LAUDERDALE,1140,188,798,0.19066937119675456
419,NY,YATES,1101,4,29,0.12121212121212122
420,OH,MONTGOMERY,52512,4760,27591,0.14713610089332632
421,OR,NA,7267,384,5607,0.06409614421632448
422,TN,MCMINN,6420,172,2888,0.05620915032679739
423,TN,WASHINGTON,14502,394,6443,0.05762761445078251
424,AR,CLEBURNE,1378,127,860,0.1286727456940223
425,AR,SALINE,9005,555,6181,0.08239311163895487
426,CA,SANTA CLARA,120144,5952,85294,0.06523025666878549
427,CT,TOLLAND,8531,158,1550,0.09250585480093677
428,GA,PAULDING,13312,17,17,0.5
429,GU,NA,7549,309,2101,0.12821576763485476
430,IA,BENTON,2626,34,599,0.053712480252764615
431,NJ,ATLANTIC,32983,3936,19836,0.16557294295810196
432,OH,NA,17694,1079,7561,0.12488425925925926
433,OR,LANE,13373,730,9069,0.0744973976936422
434,GA,SPALDING,5032,119,73,0.6197916666666666
435,IL,JERSEY,2674,30,133,0.18404907975460122
436,KY,FLOYD,2937,176,2496,0.0658682634730539
437,MD,HARFORD,14657,115,1212,0.08666164280331574
438,NC,BLADEN,3391,215,2473,0.07998511904761904
439,NH,BELKNAP,3323,52,1788,0.02826086956521739
440,OH,LOGAN,3824,190,2216,0.07896924355777224
441,OK,WAGONER,8163,615,4830,0.11294765840220386
442,WA,SNOHOMISH,39858,2478,37379,0.062172265850415236
443,CA,SOLANO,33379,1261,17135,0.06854751032833224
444,GA,GORDON,6339,28,87,0.24347826086956523
445,GA,LAURENS,4808,11,6,0.6470588235294118
446,GA,LEE,1771,44,64,0.4074074074074074
447,MN,MORRISON,4222,260,127,0.6718346253229974
448,MT,SILVER BOW,4092,114,3635,0.030408108829021074
449,NM,CHAVES,9297,455,908,0.3338224504768892
450,NY,TOMPKINS,4248,12,129,0.0851063829787234
451,OH,LAKE,20950,826,9238,0.08207472178060414
452,TN,ROANE,6047,159,2497,0.0598644578313253
453,VA,ACCOMACK,2831,210,2425,0.07969639468690702
454,VA,PAGE,2062,113,1045,0.09758203799654577
455,WI,WAUPACA,4957,244,2551,0.08729874776386404
456,AL,CHILTON,4236,114,1421,0.0742671009771987
457,IA,CLINTON,5674,61,1259,0.04621212121212121
458,ID,MINIDOKA,2313,102,1367,0.06943498978897208
459,IN,ADAMS,2816,11,28,0.28205128205128205
460,KY,WHITLEY,3551,180,3014,0.056355666875391355
461,MT,LAKE,2069,117,1602,0.06806282722513089
462,NC,MADISON,1582,58,1206,0.04588607594936709
463,UT,WASATCH,4622,54,4566,0.011688311688311689
464,AL,LAWRENCE,2913,75,825,0.08333333333333333
465,GA,DOUGHERTY,4583,258,204,0.5584415584415584
466,GA,FORSYTH,16282,182,259,0.4126984126984127
467,IN,JAY,1216,49,120,0.28994082840236685
468,KS,POTTAWATOMIE,1917,109,1337,0.07538035961272475
469,MI,ANTRIM,1263,61,959,0.059803921568627454
470,MI,HURON,3036,154,2462,0.058868501529051986
471,MN,NICOLLET,3270,97,212,0.313915857605178
472,OH,ERIE,8039,716,5475,0.11565175254401551
473,OK,ROGERS,10017,642,5869,0.09860236522807557
474,KY,BULLITT,6788,206,4159,0.047193585337915234
475,MA,SUFFOLK,97962,3585,16957,0.17452049459643657
476,MI,GLADWIN,1852,111,1102,0.09150865622423743
477,MN,CARVER,10628,404,411,0.49570552147239266
478,NJ,SUSSEX,14528,1479,9214,0.1383147853736089
479,WA,WHITMAN,4252,122,4130,0.028692380056444027
480,CA,ORANGE,255365,10658,99543,0.0967141858966797
481,GA,TATTNALL,1718,25,34,0.423728813559322
482,IN,MONTGOMERY,2503,40,358,0.10050251256281408
483,NC,SURRY,8361,296,5241,0.05345855156221781
484,NC,UNION,24768,791,11684,0.0634068136272545
485,OH,CLINTON,3752,162,2345,0.06461906661348225
486,UT,DAVIS,39822,589,39226,0.014793419565490393
487,WI,ADAMS,1627,98,850,0.10337552742616034
488,NC,WATAUGA,4965,62,3197,0.019024240564590365
489,OH,CLERMONT,20117,851,10136,0.07745517429689633
490,TX,HARRIS,2095,1,11,0.08333333333333333
491,OH,ROSS,6899,565,3022,0.15751324226373015
492,SC,JASPER,2385,139,1266,0.09893238434163701
493,NY,ONONDAGA,37229,222,1216,0.15438108484005564
494,PA,CLINTON,3680,91,795,0.10270880361173815
495,AR,MILLER,2595,142,1588,0.08208092485549133
496,NV,WASHOE,40313,2276,34004,0.06273428886438809
497,OR,UNION,1435,64,1153,0.05258833196384552
498,TN,ANDERSON,8068,215,3623,0.05601875977071391
499,TN,MARION,2911,112,1266,0.08127721335268505
500,VA,GOOCHLAND,1426,51,725,0.06572164948453608
501,CA,NA,7812,419,3886,0.09732868757259001
502,FL,NA,20800,889,14876,0.056390738978750396
503,FL,SEMINOLE,23885,856,9914,0.07948003714020427
504,KS,BUTLER,7540,323,4494,0.06705418310151547
505,KY,KNOX,3671,91,3459,0.02563380281690141
506,MA,PLYMOUTH,56838,1485,8600,0.14724838869608328
507,OH,DELAWARE,18835,329,5243,0.059045226130653265
508,OR,LINN,5137,203,3643,0.05278211128445138
509,TN,HENRY,3177,79,1324,0.05630791161796151
510,WI,NA,43980,2309,23744,0.0886270295167543
511,CO,WELD,31178,2272,12383,0.15503241214602526
512,ID,BONNEVILLE,14998,761,9978,0.070863208864885
513,ID,JEFFERSON,2970,172,2056,0.07719928186714542
514,IN,DUBOIS,4899,35,101,0.25735294117647056
515,IN,WABASH,1747,8,68,0.10526315789473684
516,KY,GRAVES,3685,246,3207,0.07124239791485665
517,MN,BLUE EARTH,7597,295,279,0.5139372822299652
518,MN,GOODHUE,4793,212,220,0.49074074074074076
519,NC,CARTERET,5200,85,2221,0.03686036426712923
520,SD,PENNINGTON,11415,1,2,0.3333333333333333
521,UT,WEBER,29424,240,29183,0.00815688407028515
522,FL,OKALOOSA,13447,472,10066,0.04479028278610742
523,IL,MONTGOMERY,3733,131,2194,0.056344086021505375
524,KS,WYANDOTTE,20975,1339,14239,0.08595455129028116
525,MD,CARROLL,12652,486,1063,0.31375080697224017
526,NC,ORANGE,8538,296,6576,0.04307334109429569
527,NH,ROCKINGHAM,19670,326,10995,0.02879604275240703
528,NJ,SALEM,6345,688,4397,0.1352999016715831
529,NY,NA,9742,221,477,0.3166189111747851
530,OR,BENTON,3163,61,2444,0.024351297405189622
531,TX,HIDALGO,1411,2,4,0.3333333333333333
532,VA,POWHATAN,1865,57,875,0.0611587982832618
533,AK,ANCHORAGE,30532,832,2386,0.25854568054692356
534,CA,MENDOCINO,4040,315,3331,0.0863960504662644
535,GA,CATOOSA,5042,4,14,0.2222222222222222
536,GA,MITCHELL,1302,50,61,0.45045045045045046
537,NC,MACON,3114,115,2156,0.05063848524878908
538,NY,MONROE,68983,55,3,0.9482758620689655
539,NY,SCHOHARIE,1621,9,33,0.21428571428571427
540,WI,CALUMET,5726,267,3017,0.08130328867235079
541,GA,BIBB,11444,338,367,0.4794326241134752
542,GA,MERIWETHER,1202,7,54,0.11475409836065574
543,KY,MEADE,2047,97,1672,0.054833239118145846
544,MD,FREDERICK,22596,37,256,0.12627986348122866
545,WA,FRANKLIN,12736,585,12151,0.04593278894472362
546,WI,JEFFERSON,8448,417,5230,0.07384451921374181
547,GA,WASHINGTON,1502,12,11,0.5217391304347826
548,IL,ST. CLAIR,28532,1147,7637,0.1305783242258652
549,NC,BEAUFORT,4709,231,3467,0.062466197944835045
550,NJ,SOMERSET,31600,3041,14858,0.16989775965137718
551,OH,SENECA,5315,352,3574,0.08965868568517575
552,OK,COMANCHE,14158,898,9648,0.08515076806372084
553,OK,PITTSBURG,4624,207,2660,0.07220090687129403
554,OR,COLUMBIA,1746,91,1112,0.07564422277639235
555,AL,AUTAUGA,6977,160,2046,0.07252946509519492
556,IL,WOODFORD,4801,108,122,0.46956521739130436
557,MI,ALLEGAN,8974,268,6206,0.041396354649366696
558,PA,ADAMS,9632,232,1834,0.1122942884801549
559,VA,LEE,2406,108,1444,0.06958762886597938
560,AL,JACKSON,6500,78,1786,0.04184549356223176
561,AR,LONOKE,5058,413,3415,0.10788923719958203
562,FL,LAKE,21756,1225,9137,0.11822042076819148
563,IA,SCOTT,20574,313,5142,0.05737855178735105
564,IL,SANGAMON,19143,974,3611,0.2124318429661941
565,IN,CASS,4494,20,28,0.4166666666666667
566,IN,DEARBORN,3145,23,32,0.41818181818181815
567,KY,LETCHER,1709,93,1103,0.07775919732441472
568,MS,NA,32866,3172,20002,0.13687753516872356
569,PA,WYOMING,1943,60,769,0.07237635705669482
570,AR,CRAIGHEAD,11723,933,7965,0.10485502360080917
571,CA,MARIN,14106,426,7010,0.05728886498117267
572,FL,ST. LUCIE,24308,1327,16846,0.0730204149012271
573,OR,KLAMATH,4541,272,2819,0.08799741184082821
574,TN,GRAINGER,2455,67,1065,0.05918727915194346
575,TN,MONTGOMERY,19089,322,6968,0.04417009602194787
576,KY,MADISON,8334,337,6166,0.05182223589112717
577,LA,EAST BATON ROUGE,1438,84,438,0.16091954022988506
578,MI,CASS,4030,97,1590,0.05749851807943094
579,MN,ANOKA,42754,2357,1156,0.6709365214916027
580,MN,DOUGLAS,4742,198,67,0.7471698113207547
581,MN,HUBBARD,1931,112,102,0.5233644859813084
582,NJ,MERCER,36618,5294,19502,0.21350217777060818
583,SC,OCONEE,9880,290,5218,0.052650689905591866
584,VA,FRANKLIN,4033,192,2404,0.07395993836671803
585,CA,VENTURA,81237,3545,21385,0.1421981548335339
586,GA,DAWSON,1394,40,69,0.3669724770642202
587,MI,ROSCOMMON,1560,94,957,0.08943862987630828
588,NC,ROBESON,16717,671,9434,0.06640277090549233
589,PA,BEAVER,15490,726,4598,0.13636363636363635
590,TN,SMITH,2472,56,1195,0.04476418864908074
591,AR,CONWAY,1736,121,1225,0.08989598811292719
592,CA,YUBA,6137,333,3343,0.09058759521218716
593,FL,FLAGLER,4848,334,4014,0.07681692732290708
594,MN,CHISAGO,6183,320,136,0.7017543859649122
595,NH,GRAFTON,3445,31,2173,0.014065335753176044
596,NM,TAOS,1695,117,195,0.375
597,KS,RENO,7968,478,4399,0.09801107238056182
598,KY,LAUREL,6887,384,6191,0.05840304182509506
599,NC,WAYNE,11396,537,6280,0.07877365410004401
600,OH,LUCAS,43184,2712,20276,0.1179745954410997
601,OK,TULSA,74087,5205,32067,0.13964906632324534
602,SC,NA,11196,763,5924,0.11410198893375205
603,TN,TIPTON,6832,163,3099,0.04996934396076027
604,AK,KENAI PENINSULA,4403,103,340,0.2325056433408578
605,AR,COLUMBIA,1306,93,820,0.10186199342825848
606,CA,YOLO,14124,674,10294,0.061451495258935084
607,CO,GARFIELD,5645,267,2425,0.09918276374442793
608,FL,COLUMBIA,6501,340,5713,0.05617049396993227
609,FL,MIAMI-DADE,429901,10111,189886,0.050555758336375045
610,GA,HART,1657,4,21,0.16
611,KY,BOYD,4630,115,3340,0.03328509406657019
612,NY,MADISON,4424,32,242,0.11678832116788321
613,OK,BRYAN,6143,357,3874,0.08437721578822974
614,OK,OSAGE,4524,297,2677,0.09986550100874243
615,CO,MONTEZUMA,1917,154,396,0.28
616,VA,TAZEWELL,3667,176,2124,0.07652173913043478
617,CA,SHASTA,12578,629,8291,0.07051569506726457
618,KY,MARSHALL,1942,94,1780,0.05016008537886873
619,TN,NA,67557,1556,23807,0.06134920947837401
620,VA,MONTGOMERY,9271,188,6577,0.02779009608277901
621,WV,KANAWHA,1224,6,13,0.3157894736842105
622,FL,BREVARD,22744,1761,11363,0.13418165193538556
623,GA,COLQUITT,3976,29,43,0.4027777777777778
624,ID,KOOTENAI,18974,1002,199,0.8343047460449625
625,IL,LOGAN,3939,167,3290,0.048307781313277405
626,IN,HOWARD,6172,107,197,0.3519736842105263
627,NC,CASWELL,2170,106,1353,0.0726525017135024
628,TN,BEDFORD,6288,137,2544,0.051100335695635955
629,TN,DICKSON,6589,122,2292,0.050538525269262634
630,UT,SEVIER,2206,7,2199,0.003173164097914778
631,GA,RICHMOND,18142,132,268,0.33
632,MD,HOWARD,9698,185,887,0.17257462686567165
633,MI,OAKLAND,28025,2816,12710,0.18137318047146722
634,OK,WASHINGTON,4940,379,3054,0.11039906787066706
635,SC,MARLBORO,3519,229,2340,0.08913974309069676
636,TN,HARDIN,3310,71,1719,0.03966480446927374
637,CA,NEVADA,4861,186,2787,0.06256306760847628
638,GA,GWINNETT,79604,837,965,0.46448390677025525
639,MN,NOBLES,4047,215,411,0.34345047923322686
640,MN,WRIGHT,16355,678,367,0.6488038277511962
641,NM,SAN JUAN,15704,1697,2923,0.3673160173160173
642,SC,BARNWELL,2633,109,1331,0.07569444444444444
643,TN,SCOTT,2879,67,1174,0.053988718775181306
644,AR,BENTON,21817,751,14569,0.04902088772845953
645,FL,INDIAN RIVER,9835,585,6279,0.08522727272727272
646,FL,PASCO,32268,2207,21026,0.094994189299703
647,IL,WHITESIDE,7179,226,4149,0.05165714285714286
648,MI,DELTA,3280,155,2216,0.065373260227752
649,MN,MCLEOD,4267,229,60,0.7923875432525952
650,NY,CAYUGA,5374,19,117,0.13970588235294118
651,NY,RICHMOND,75356,6638,1540,0.8116898997309856
652,NY,WESTCHESTER,145816,4088,5689,0.4181241689679861
653,PA,BRADFORD,6108,243,1753,0.12174348697394789
654,TX,BRAZOS,4265,1,1,0.5
655,AR,ST. FRANCIS,3244,186,1493,0.11078022632519356
656,KS,BARTON,2571,129,1856,0.06498740554156171
657,KY,WAYNE,1441,53,1331,0.03829479768786127
658,MI,CHIPPEWA,1973,115,1583,0.06772673733804475
659,MN,ISANTI,4371,262,85,0.7550432276657061
660,WI,MANITOWOC,7720,384,4470,0.07911001236093942
661,IL,KANE,59549,4021,20291,0.16539157617637382
662,KY,PULASKI,4739,166,4098,0.038930581613508444
663,OK,JACKSON,3097,217,2068,0.0949671772428884
664,SC,CLARENDON,3510,258,2039,0.11232041793643883
665,TN,SEVIER,12862,288,5230,0.05219282348677057
666,CA,SAN FRANCISCO,37253,1716,24118,0.06642409228148952
667,CO,DELTA,2804,170,1558,0.09837962962962964
668,IA,MAHASKA,2309,63,784,0.0743801652892562
669,IL,EFFINGHAM,4732,94,404,0.18875502008032127
670,KY,FAYETTE,26972,1258,12848,0.08918190840776974
671,MN,LYON,3571,112,81,0.5803108808290155
672,NH,SULLIVAN,1695,24,913,0.025613660618996798
673,OH,GREENE,15171,785,7539,0.0943056222969726
674,TN,OVERTON,2753,62,1378,0.043055555555555555
675,GA,BUTTS,2232,35,23,0.603448275862069
676,IL,NA,64011,2165,18479,0.10487308661112188
677,MI,CLARE,1968,97,1219,0.0737082066869301
678,NM,SANDOVAL,12220,920,2007,0.3143149982917663
679,OH,AUGLAIZE,5002,306,3383,0.08294930875576037
680,OH,MIAMI,10717,589,2642,0.18229650263076447
681,PA,CRAWFORD,7504,431,2479,0.14810996563573883
682,GA,WORTH,1189,55,79,0.41044776119402987
683,NY,KINGS,282908,35248,6870,0.8368868417303765
684,OK,PONTOTOC,5144,322,3720,0.07966353290450272
685,SC,NEWBERRY,5230,174,2763,0.059244126659857
686,TN,BLOUNT,15150,365,6051,0.05688902743142145
687,WI,SAUK,5797,261,3304,0.07321178120617111
688,AR,INDEPENDENCE,2467,238,1603,0.12927756653992395
689,GA,SUMTER,1643,25,20,0.5555555555555556
690,ID,NEZ PERCE,3707,75,2145,0.033783783783783786
691,KY,TAYLOR,2950,79,2681,0.0286231884057971
692,MI,BRANCH,5263,203,3638,0.05285082009893257
693,MO,JACKSON,10581,1,1,0.5
694,NE,NA,63254,5,27,0.15625
695,AL,TALLAPOOSA,3872,155,1281,0.10793871866295264
696,ME,KNOX,1108,32,966,0.03206412825651302
697,MT,MISSOULA,9302,289,2181,0.11700404858299596
698,ND,WILLIAMS,1069,58,978,0.055984555984555984
699,VA,PRINCE EDWARD,2138,103,1153,0.08200636942675159
700,CA,COLUSA,1943,91,1628,0.05293775450843514
701,GA,WAYNE,2831,69,88,0.4394904458598726
702,KY,BOYLE,2837,130,2362,0.0521669341894061
703,KY,LOGAN,1610,82,1347,0.05738278516445067
704,NC,ALEXANDER,4399,189,1863,0.09210526315789473
705,NC,STANLY,7877,255,3070,0.07669172932330827
706,NY,SARATOGA,12906,149,286,0.3425287356321839
707,IA,MARSHALL,4978,78,1546,0.0480295566502463
708,ID,BLAINE,2306,178,1691,0.09523809523809523
709,MI,MECOSTA,2951,83,1667,0.04742857142857143
710,MN,ITASCA,4577,316,462,0.40616966580976865
711,NY,CORTLAND,3924,3,33,0.08333333333333333
712,PA,LANCASTER,55272,3417,11601,0.2275269676388334
713,VA,ALEXANDRIA CITY,11779,556,9412,0.0557784911717496
714,AL,WALKER,6909,230,2249,0.0927793465106898
715,AR,GREENE,4869,331,3196,0.09384746243266232
716,GA,WHITFIELD,14807,15,42,0.2631578947368421
717,ME,FRANKLIN,1318,26,1076,0.023593466424682397
718,MN,POLK,3859,151,117,0.5634328358208955
719,NM,BERNALILLO,59080,3637,5786,0.38597049771834874
720,NM,LEA,9210,378,1002,0.27391304347826084
721,OH,CUYAHOGA,115217,7148,51924,0.12100487540628385
722,OH,MARION,8577,410,3296,0.11063140852671344
723,OK,MAYES,3985,293,2552,0.10298769771528998
724,OR,UMATILLA,8198,289,5620,0.04890844474530377
725,SC,SUMTER,10856,512,6656,0.07142857142857142
726,TN,COFFEE,6420,123,2808,0.04196519959058342
727,ID,BONNER,3330,95,35,0.7307692307692307
728,MS,JONES,1309,153,961,0.13734290843806105
729,NC,WILKES,6894,167,3176,0.04995513012264433
730,NV,NYE,2975,152,645,0.19071518193224593
731,OH,PERRY,2936,193,1501,0.11393152302243212
732,OR,DESCHUTES,9454,300,8291,0.03492026539401699
733,SC,SALUDA,1809,63,929,0.06350806451612903
734,AL,MARSHALL,11470,148,3135,0.04508071885470606
735,AL,RUSSELL,4325,54,1111,0.0463519313304721
736,IN,DEKALB,2452,13,80,0.13978494623655913
737,KS,SEWARD,3816,393,2948,0.11762945225980245
738,ME,LINCOLN,1017,21,844,0.024277456647398842
739,MS,NESHOBA,1058,117,332,0.26057906458797325
740,ND,MORTON,1286,64,1190,0.051036682615629984
741,NH,NA,901,14,433,0.03131991051454139
742,NY,CLINTON,4519,23,130,0.1503267973856209
743,OH,PORTAGE,13188,806,7960,0.09194615560118641
744,OH,SCIOTO,6511,504,1458,0.25688073394495414
745,CT,NEW LONDON,21152,249,1056,0.19080459770114944
746,GA,TOOMBS,2501,39,29,0.5735294117647058
747,IA,WOODBURY,15578,591,7136,0.0764850524136146
748,IN,VIGO,7839,98,105,0.4827586206896552
749,KY,BARREN,3593,151,2869,0.05
750,MI,GENESEE,33667,3206,12763,0.2007639802116601
751,NY,TIOGA,3634,16,88,0.15384615384615385
752,OH,HENRY,2676,188,1918,0.0892687559354226
753,PA,PHILADELPHIA,149932,11626,835,0.9329909317069256
754,CA,TUOLUMNE,4102,193,2249,0.07903357903357904
755,GA,CLAYTON,20745,62,64,0.49206349206349204
756,MI,MUSKEGON,9393,144,1976,0.06792452830188679
757,OH,LAWRENCE,5646,443,2720,0.14005690799873538
758,SC,HORRY,40127,2240,25382,0.08109477952356817
759,SC,KERSHAW,7654,315,4207,0.0696594427244582
760,VA,ROCKINGHAM,6815,394,4091,0.08784838350055742
761,AZ,COCHISE,12145,750,5701,0.11626104479925593
762,CO,FREMONT,6287,185,1594,0.10399100618324901
763,FL,BAY,11324,678,7693,0.08099390753792857
764,NY,ORLEANS,3296,38,231,0.1412639405204461
765,OH,BELMONT,6106,327,4202,0.07220136895561934
766,WA,CLALLAM,1381,64,1317,0.04634322954380883
767,IN,HARRISON,3568,45,217,0.1717557251908397
768,KS,RILEY,6157,174,3622,0.0458377239199157
769,SC,CHEROKEE,6175,438,3025,0.1264799306959284
770,UT,SUMMIT,5174,39,5134,0.007539145563502803
771,WI,DODGE,9479,637,6982,0.08360677254232839
772,AR,GARLAND,8588,400,5563,0.0670803286936106
773,AR,HOT SPRING,4236,227,2407,0.08618071374335612
774,CA,BUTTE,12623,565,4413,0.11349939734833267
775,CO,ADAMS,53364,3195,14896,0.17660715272787575
776,GA,BARTOW,11777,9,23,0.28125
777,IA,CERRO GORDO,5579,46,1092,0.040421792618629174
778,IL,MCDONOUGH,2907,162,1671,0.088379705400982
779,IN,MARSHALL,3041,11,69,0.1375
780,KS,DOUGLAS,8813,486,6162,0.07310469314079422
781,KY,SCOTT,4386,82,3077,0.025957581513137068
782,SC,LANCASTER,11073,400,5517,0.06760182524928172
783,TN,CHEATHAM,4412,88,1949,0.043200785468826705
784,FL,NASSAU,4902,239,3510,0.06375033342224594
785,FL,SUMTER,7720,441,4053,0.09813084112149532
786,MI,OCEANA,2590,158,1491,0.09581564584596726
787,TN,CARTER,6346,234,2793,0.07730426164519326
788,TN,MCNAIRY,2664,64,1211,0.05019607843137255
789,WI,OUTAGAMIE,20527,745,11965,0.05861526357199056
790,AL,DALLAS,3298,201,1111,0.15320121951219512
791,AL,MADISON,32094,443,8965,0.047087585034013606
792,GA,CRISP,1372,14,14,0.5
793,IA,WARREN,5890,49,1194,0.039420756234915526
794,MN,PINE,3298,195,202,0.491183879093199
795,MT,CASCADE,9097,370,3655,0.09192546583850932
796,NC,STOKES,4186,173,2800,0.05819038008745375
797,TN,MONROE,5689,167,2447,0.06388676358071921
798,VA,HARRISONBURG CITY,6498,188,4183,0.043010752688172046
799,AL,WINSTON,2582,64,822,0.07223476297968397
800,AZ,MOHAVE,23452,2065,12516,0.14162265962554008
801,GA,MURRAY,4309,46,135,0.2541436464088398
802,IL,MACOUPIN,4751,79,412,0.16089613034623218
803,IN,MADISON,6325,101,341,0.22850678733031674
804,ME,AROOSTOOK,1847,76,1335,0.05386250885896527
805,MI,MASON,1947,139,1137,0.10893416927899686
806,NC,CALDWELL,9467,199,4720,0.04045537710916853
807,NC,ONSLOW,17778,521,14155,0.03550013627691469
808,NY,FULTON,4197,50,135,0.2702702702702703
809,PA,LUZERNE,31991,973,7970,0.10880017891088002
810,SC,UNION,3129,285,1347,0.17463235294117646
811,UT,UTAH,93003,150,92846,0.0016129726009720849
812,WA,NA,10401,576,9655,0.05629948196657218
813,WI,PORTAGE,6851,279,3164,0.08103398199244845
814,AR,OUACHITA,1993,83,1327,0.058865248226950356
815,AZ,SANTA CRUZ,8029,569,5350,0.09613110322689644
816,CA,CALAVERAS,2133,20,311,0.06042296072507553
817,IL,ADAMS,8744,363,3348,0.09781729991915926
818,IN,CLINTON,2995,23,92,0.2
819,NC,CHEROKEE,2605,103,1314,0.07268877911079746
820,NM,RIO ARRIBA,3716,246,324,0.43157894736842106
821,AK,MATANUSKA-SUSITNA,11747,183,363,0.33516483516483514
822,DE,KENT,15739,12,17,0.41379310344827586
823,IN,HENDRICKS,11555,186,698,0.21040723981900453
824,MI,CHEBOYGAN,1555,42,764,0.052109181141439205
825,OH,CRAWFORD,4011,324,3276,0.09
826,VA,MANASSAS CITY,4197,175,2381,0.06846635367762129
827,WA,LEWIS,5227,394,4831,0.0754066985645933
828,WI,KEWAUNEE,2437,123,1324,0.08500345542501728
829,AL,COVINGTON,4039,79,1197,0.06191222570532915
830,IN,ST. JOSEPH,10137,158,680,0.18854415274463007
831,MI,KALAMAZOO,20376,785,9217,0.07848430313937213
832,MS,RANKIN,1484,153,912,0.14366197183098592
833,NC,LEE,6102,284,4292,0.062062937062937064
834,PA,CLARION,3174,200,770,0.20618556701030927
835,WA,WALLA WALLA,5304,270,5033,0.050914576654723744
836,AR,PULASKI,34315,2910,22978,0.11240729295426452
837,CA,KINGS,23072,834,11012,0.07040351173391862
838,FL,CITRUS,8755,455,5770,0.07309236947791165
839,IN,WASHINGTON,1180,27,132,0.16981132075471697
840,KS,HARVEY,3729,232,2925,0.07348748812163447
841,KS,NA,61800,3930,41949,0.08566010593081802
842,MI,WAYNE,103236,5182,39925,0.11488239075974904
843,AL,DEKALB,8473,101,2140,0.04506916555109326
844,AR,LOGAN,1635,83,1139,0.06792144026186579
845,CA,ALAMEDA,89280,3820,46340,0.07615629984051037
846,GA,COBB,65936,208,137,0.6028985507246377
847,OH,WILLIAMS,3425,176,2413,0.06797991502510622
848,FL,ORANGE,92410,2234,28410,0.07290170995953531
849,FL,OSCEOLA,30076,1243,16950,0.06832298136645963
850,GA,TIFT,3378,158,497,0.24122137404580152
851,IA,WEBSTER,5175,59,1149,0.048841059602649006
852,IN,STARKE,1333,3,276,0.010752688172043012
853,IN,SULLIVAN,1324,6,6,0.5
854,KY,ROWAN,2139,50,1881,0.02589331952356292
855,MI,BARRY,5228,210,3311,0.05964214711729622
856,NC,SCOTLAND,3826,281,2990,0.08590645062671966
857,NH,MERRIMACK,7923,127,4420,0.02793050362876622
858,NY,GENESEE,5355,19,169,0.10106382978723404
859,OR,CLACKAMAS,18088,823,10069,0.0755600440690415
860,PA,VENANGO,4054,256,951,0.212096106048053
861,AR,JOHNSON,2351,114,1788,0.05993690851735016
862,MI,NEWAYGO,4444,266,2497,0.09627216793340572
863,OH,ATHENS,5201,207,3624,0.05403288958496476
864,OH,DARKE,5368,299,2948,0.09208500153988297
865,IN,JASPER,1678,25,292,0.07886435331230283
866,MI,OTTAWA,28153,967,20324,0.04541825184350195
867,OK,LE FLORE,5633,228,3991,0.05404124200047405
868,VA,BUCHANAN,1443,105,979,0.09686346863468635
869,AK,FAIRBANKS NORTH STAR,7907,160,831,0.16145307769929365
870,ID,ELMORE,2095,136,1926,0.06595538312318137
871,MI,GRAND TRAVERSE,5634,281,4162,0.06324555480531173
872,MI,VAN BUREN,6417,228,3361,0.06352744497074395
873,MN,RAMSEY,52491,3941,1568,0.7153748411689962
874,NC,CLEVELAND,11640,630,5867,0.09696783130675697
875,NH,CHESHIRE,3435,35,1931,0.01780264496439471
876,TN,WILLIAMSON,28074,294,10516,0.027197039777983347
877,VA,WYTHE,2671,157,1796,0.08038914490527393
878,WI,SHAWANO,4424,201,3134,0.06026986506746627
879,WI,VERNON,1873,76,756,0.09134615384615384
880,CA,TEHAMA,5056,195,2795,0.06521739130434782
881,FL,MANATEE,28048,1171,18538,0.059414480694099145
882,OH,MADISON,4421,164,2339,0.06552137435077907
883,TN,WEAKLEY,4047,80,1985,0.0387409200968523
884,WI,GRANT,4860,242,1887,0.11366838891498356
885,DE,NEW CASTLE,62609,22,127,0.1476510067114094
886,ID,CANYON,27544,1137,19161,0.05601537097250961
887,IL,TAZEWELL,17218,496,5558,0.08192930294020483
888,IN,FAYETTE,1832,19,237,0.07421875
889,NC,HERTFORD,2059,146,903,0.13918017159199236
890,PA,CHESTER,40722,1488,17521,0.07827871008469672
891,PA,PERRY,3816,113,758,0.12973593570608496
892,VA,STAUNTON CITY,2499,81,1361,0.05617198335644938
893,WI,RACINE,20685,1270,16912,0.06984930150698493
894,GA,THOMAS,3041,134,436,0.23508771929824562
895,IA,BUCHANAN,1894,22,416,0.0502283105022831
896,IN,GREENE,2790,20,82,0.19607843137254902
897,MD,WORCESTER,5134,203,4773,0.04079581993569132
898,ME,OXFORD,3597,115,2609,0.04221732745961821
899,NC,CUMBERLAND,30078,1399,18865,0.06903868930122385
900,OK,CHEROKEE,5631,353,3893,0.08313707018370231
901,OK,CLEVELAND,30267,1588,18244,0.08007260992335619
902,TN,MORGAN,2314,42,897,0.04472843450479233
903,WI,EAU CLAIRE,11404,338,8247,0.039370995923121724
904,WI,WAUSHARA,1826,108,1043,0.09383145091225022
905,KS,SHAWNEE,17411,932,8557,0.09821899040994836
906,KY,HARDIN,9035,463,7129,0.06098524762908324
907,KY,JESSAMINE,4142,219,3633,0.05685358255451713
908,AL,MORGAN,13443,195,3894,0.04768892149669846
909,IL,MCHENRY,29193,1864,13252,0.1233130457793067
910,KS,SEDGWICK,57615,3322,38453,0.0795212447636146
911,NY,NIAGARA,19352,173,419,0.2922297297297297
912,OR,POLK,3780,182,3048,0.056346749226006194
913,CA,AMADOR,3716,133,879,0.13142292490118576
914,CO,BROOMFIELD,4305,212,2401,0.081132797550708
915,MN,BENTON,5780,276,269,0.5064220183486239
916,MN,STEELE,3933,129,249,0.3412698412698413
917,NY,ONTARIO,7266,36,162,0.18181818181818182
918,NY,PUTNAM,12018,239,1943,0.10953253895508708
919,TN,LAUDERDALE,3182,86,1594,0.05119047619047619
920,CA,SAN LUIS OBISPO,21258,839,16470,0.048471893234733374
921,CO,MONTROSE,3292,162,1695,0.08723747980613894
922,CT,FAIRFIELD,94987,3168,7934,0.2853539902720231
923,ME,ANDROSCOGGIN,8335,252,5920,0.04082955281918341
924,ME,SOMERSET,2226,77,1601,0.045887961859356376
925,MI,EATON,8734,743,5402,0.1209113100081367
926,MI,WASHTENAW,24172,1569,14318,0.0987599924466545
927,MN,CARLTON,3503,174,119,0.5938566552901023
928,OK,GRADY,5819,297,4138,0.066967305524239
929,WI,COLUMBIA,5197,285,3171,0.08246527777777778
930,CA,NAPA,9971,368,6786,0.051439753983785294
931,GA,MCDUFFIE,1675,11,11,0.5
932,GA,STEPHENS,1028,14,136,0.09333333333333334
933,IA,BREMER,2886,14,638,0.02147239263803681
934,KY,FRANKLIN,3773,181,3337,0.05144968732234224
935,KY,MCCRACKEN,3588,145,3029,0.045683679899180846
936,LA,CADDO,1813,166,387,0.30018083182640143
937,MT,GALLATIN,15059,437,10146,0.04129263913824058
938,OH,SANDUSKY,5404,370,3388,0.09845662586482172
939,OK,GARFIELD,7762,310,3765,0.07607361963190185
940,PA,BUTLER,17565,455,3762,0.10789660896371828
941,WA,THURSTON,10919,711,10208,0.06511585310010075
942,IN,HAMILTON,20296,263,741,0.26195219123505975
943,MD,SOMERSET,2800,134,769,0.14839424141749724
944,MN,FREEBORN,3436,173,184,0.484593837535014
945,ND,WARD,2217,83,2043,0.039040451552210725
946,NV,NA,4937,295,2994,0.0896929157798723
947,VA,PRINCE WILLIAM,44724,1647,25044,0.061706193098797345
948,GA,COLUMBIA,11478,86,152,0.36134453781512604
949,IL,FRANKLIN,4471,203,188,0.5191815856777494
950,IN,DELAWARE,7600,193,480,0.2867756315007429
951,TX,EL PASO,2813,14,152,0.08433734939759036
952,CA,LOS ANGELES,1206088,92341,22133,0.8066547862396701
953,MI,ALPENA,1780,52,814,0.06004618937644342
954,MN,KANDIYOHI,6648,266,297,0.4724689165186501
955,MT,RAVALLI,3154,135,2289,0.055693069306930694
956,OH,HOLMES,2685,262,1861,0.1234102684879887
957,OH,STARK,33278,2058,8736,0.19066147859922178
958,PR,NA,27796,3276,2928,0.528046421663443
959,VA,FLUVANNA,1891,83,1026,0.07484220018034266
960,VA,LOUISA,1976,110,1409,0.07241606319947334
961,VA,NEW KENT,1472,34,749,0.04342273307790549
962,AL,ST. CLAIR,9618,233,2665,0.08040027605244997
963,GA,GLYNN,5898,6,25,0.1935483870967742
964,NA,NA,652,58,256,0.18471337579617833
965,OR,CROOK,1141,69,887,0.07217573221757322
966,PA,LYCOMING,11925,322,2380,0.11917098445595854
967,CA,SONOMA,30866,1258,19368,0.0609909822554058
968,CT,WINDHAM,10090,168,537,0.23829787234042554
969,FL,ESCAMBIA,26364,1629,12740,0.1133690583895887
970,MN,CLAY,8221,312,383,0.4489208633093525
971,NC,CATAWBA,19710,852,11079,0.07141061101332663
972,NM,NA,16065,1176,1839,0.3900497512437811
973,SC,DARLINGTON,8734,492,5374,0.08387316740538697
974,GA,FAYETTE,7257,10,9,0.5263157894736842
975,MN,CROW WING,6796,362,381,0.48721399730820997
976,NY,ST. LAWRENCE,6382,25,184,0.11961722488038277
977,VT,NA,4514,127,4154,0.029665965895818734
978,WI,MARINETTE,4155,241,2515,0.0874455732946299
979,ID,ADA,53397,2051,50725,0.03886236167955131
980,IL,MORGAN,3946,136,377,0.2651072124756335
981,IN,BOONE,6897,57,185,0.23553719008264462
982,IN,DECATUR,1819,33,151,0.1793478260869565
983,MI,GRATIOT,2976,182,2130,0.078719723183391
984,SC,LEXINGTON,34309,874,18257,0.045685013851863465
985,TN,GIBSON,6304,128,2950,0.04158544509421702
986,TN,MACON,3170,126,1626,0.07191780821917808
987,VA,FREDERICK,8007,245,4212,0.0549697105676464
988,WA,STEVENS,2331,164,2166,0.0703862660944206
989,FL,SARASOTA,21714,1001,11103,0.08269993390614673
990,IN,LAGRANGE,1785,25,41,0.3787878787878788
991,MI,LEELANAU,1004,64,751,0.0785276073619632
992,NC,DARE,2135,67,1607,0.04002389486260454
993,NC,GREENE,2382,103,1325,0.07212885154061624
994,NJ,CUMBERLAND,18373,2927,10266,0.22186007731372698
995,OK,CUSTER,4060,182,2335,0.0723083035359555
996,WI,POLK,4666,172,2200,0.07251264755480608
997,GA,DOUGLAS,12584,139,309,0.31026785714285715
998,MI,BAY,8090,666,4596,0.1265678449258837
999,MS,MADISON,1729,171,1116,0.13286713286713286
1000,PA,DAUPHIN,26037,1307,3823,0.254775828460039
1001,SC,COLLETON,3703,233,1894,0.10954395862717442
1002,VA,HAMPTON CITY,10324,412,4831,0.0785809650963189
1003,CA,IMPERIAL,28878,2093,15114,0.12163654326727495
1004,CA,LASSEN,5225,76,3050,0.02431222008957134
1005,IL,LEE,4158,116,786,0.1286031042128603
1006,NC,LINCOLN,10208,428,5885,0.06779661016949153
1007,CT,MIDDLESEX,12026,493,741,0.39951377633711505
1008,GA,COFFEE,4000,145,178,0.44891640866873067
1009,IL,PEORIA,23490,1326,3484,0.2756756756756757
1010,IL,ROCK ISLAND,15235,338,2565,0.11643127798828798
1011,IL,SALINE,2602,71,373,0.15990990990990991
1012,MO,GREENE,1500,3,7,0.3
1013,NC,ANSON,2587,156,1938,0.07449856733524356
1014,WI,OCONTO,4615,252,3517,0.06686123640222871
1015,FL,VOLUSIA,27888,1794,15899,0.10139603232916973
1016,IL,OGLE,6201,295,4567,0.06067461949814891
1017,IN,SPENCER,1075,9,80,0.10112359550561797
1018,MA,WORCESTER,86491,1933,11285,0.1462399757905886
1019,OK,OKLAHOMA,85975,5006,28162,0.15092860588519055
1020,FL,POLK,44380,4040,26732,0.1312881840634343
1021,FL,TAYLOR,2072,68,1104,0.05802047781569966
1022,GA,MUSCOGEE,12121,114,47,0.7080745341614907
1023,GA,UPSON,1196,22,121,0.15384615384615385
1024,IL,BUREAU,3732,78,313,0.19948849104859334
1025,IN,PORTER,10947,95,431,0.1806083650190114
1026,IN,TIPPECANOE,9629,73,773,0.08628841607565012
1027,IN,WELLS,1755,26,59,0.3058823529411765
1028,KS,COWLEY,3940,324,2439,0.11726384364820847
1029,MN,OTTER TAIL,5833,295,153,0.6584821428571429
1030,MN,RICE,8184,334,635,0.3446852425180599
1031,NM,CURRY,5265,329,620,0.3466807165437302
1032,VA,ISLE OF WIGHT,3094,148,2070,0.06672678088367899
1033,CO,ARAPAHOE,64282,3878,17257,0.1834871066950556
1034,FL,CLAY,14030,669,8605,0.0721371576450291
1035,FL,MARTIN,10993,594,8373,0.0662428905988625
1036,IN,WHITE,1392,19,165,0.10326086956521739
1037,PA,WARREN,2620,90,473,0.15985790408525755
1038,VT,CHITTENDEN,7050,149,6513,0.02236565595917142
1039,VT,RUTLAND,1951,82,1750,0.04475982532751092
1040,IL,JEFFERSON,4388,84,151,0.3574468085106383
1041,IL,JO DAVIESS,1807,55,155,0.2619047619047619
1042,IL,RANDOLPH,4126,58,573,0.0919175911251981
1043,MD,ST. MARY'S,6070,110,869,0.11235955056179775
1044,MI,SAGINAW,19819,980,8377,0.10473442342631185
1045,OR,WASHINGTON,26103,1242,17944,0.0647347023871573
1046,WI,WASHINGTON,14849,478,4101,0.10438960471718715
1047,CA,SAN BERNARDINO,293734,10959,134040,0.07557983158504541
1048,FL,PUTNAM,5524,525,4402,0.10655571341587172
1049,GA,HARALSON,2171,1,4,0.2
1050,IL,GRUNDY,5959,127,430,0.22800718132854578
1051,KS,CRAWFORD,4788,198,3292,0.05673352435530086
1052,MD,WICOMICO,4895,137,1426,0.08765195137555983
1053,NC,HAYWOOD,4473,133,2526,0.05001880406167732
1054,OH,PIKE,2392,184,1922,0.08736942070275404
1055,TX,DALLAS,1981,5,4,0.5555555555555556
1056,GA,HABERSHAM,2537,47,85,0.3560606060606061
1057,IL,SHELBY,2271,77,1409,0.051816958277254375
1058,KY,HENDERSON,4257,99,2667,0.03579175704989154
1059,NC,CURRITUCK,1524,42,331,0.1126005361930295
1060,NC,GRANVILLE,5933,265,3520,0.07001321003963012
1061,OK,PAYNE,8387,305,6304,0.046149190497806025
1062,PA,NORTHAMPTON,35793,936,12051,0.07207207207207207
1063,IN,JENNINGS,1473,17,194,0.08056872037914692
1064,ME,HANCOCK,1346,46,910,0.04811715481171548
1065,NC,CRAVEN,9413,687,5323,0.11430948419301165
1066,NC,NASH,11582,656,5468,0.10711952971913782
1067,NC,RANDOLPH,15255,542,11788,0.04395782643957826
1068,WA,ASOTIN,1459,94,1365,0.06442769019876628
1069,AL,BLOUNT,6933,90,1775,0.04825737265415549
1070,CA,SISKIYOU,1847,126,1215,0.09395973154362416
1071,CT,LITCHFIELD,13805,384,1390,0.21645997745208567
1072,GA,FRANKLIN,1649,21,52,0.2876712328767123
1073,NC,GUILFORD,48596,1630,21542,0.0703435180390126
1074,NH,CARROLL,2116,31,1187,0.025451559934318555
1075,RI,NA,395,12,65,0.15584415584415584
1076,IA,NA,100513,1671,26659,0.05898340981291917
1077,IL,WILL,77115,4478,14888,0.2312299907053599
1078,MD,MONTGOMERY,71904,24,338,0.06629834254143646
1079,MD,WASHINGTON,11887,139,2300,0.056990569905699055
1080,MI,HOUGHTON,2493,83,1927,0.04129353233830846
1081,OK,SEMINOLE,2842,226,1884,0.10710900473933649
1082,PA,GREENE,3318,121,744,0.13988439306358383
1083,VA,WINCHESTER CITY,2847,113,1501,0.07001239157372986
1084,WA,GRAYS HARBOR,4468,225,4243,0.05035810205908684
1085,DE,SUSSEX,24286,9,29,0.23684210526315788
1086,GA,JONES,1489,32,33,0.49230769230769234
1087,IN,CLARK,8271,107,741,0.12617924528301888
1088,KS,FINNEY,5750,245,4338,0.05345843334060659
1089,KS,JOHNSON,59908,2592,27900,0.08500590318772137
1090,NY,COLUMBIA,3843,172,549,0.23855755894590847
1091,OR,MULTNOMAH,39130,2521,22444,0.10098137392349289
1092,VA,WASHINGTON,4970,425,3279,0.11474082073434125
1093,VT,WINDSOR,1246,51,1113,0.04381443298969072
1094,WA,KITTITAS,3307,110,3196,0.03327283726557774
1095,FL,LEVY,2782,171,2166,0.07317073170731707
1096,GA,MADISON,2688,33,57,0.36666666666666664
1097,KS,FRANKLIN,2527,132,1006,0.11599297012302284
1098,MA,ESSEX,103873,2737,21562,0.11263838018025434
1099,MN,HENNEPIN,125105,7793,3860,0.6687548270831546
1100,NC,RICHMOND,4757,324,3515,0.08439697837978641
1101,NY,GREENE,3342,71,182,0.28063241106719367
1102,VA,AUGUSTA,5935,181,2802,0.06067717063359034
1103,VA,LOUDOUN,27873,1078,13372,0.07460207612456747
1104,AL,CHAMBERS,3557,151,1022,0.1287297527706735
1105,AL,COLBERT,5882,117,1636,0.06674272675413577
1106,GA,MONROE,2041,28,29,0.49122807017543857
1107,NV,CHURCHILL,1356,43,855,0.04788418708240535
1108,OH,HANCOCK,6956,483,4684,0.09347784013934585
1109,OK,KAY,5288,264,3489,0.07034372501998401
1110,OR,MALHEUR,3513,224,2415,0.08488063660477453
1111,AL,ELMORE,9318,196,2551,0.07135056425191118
1112,AR,SEBASTIAN,11685,630,7756,0.07512520868113523
1113,GA,PICKENS,3070,17,13,0.5666666666666667
1114,NY,OTSEGO,3415,15,54,0.21739130434782608
1115,OH,WAYNE,9094,453,4023,0.10120643431635389
1116,OK,ADAIR,3173,232,2087,0.10004312203536007
1117,OK,NA,45431,2852,28690,0.09041912370807177
1118,VA,PULASKI,2629,125,1446,0.07956715467854869
1119,VA,VIRGINIA BEACH CITY,35774,1688,18617,0.0831322334400394
1120,VA,WARREN,3060,118,1634,0.06735159817351598
1121,WI,BARRON,5550,230,2910,0.0732484076433121
1122,WI,IOWA,1994,82,887,0.0846233230134159
1123,CA,SUTTER,9596,537,4197,0.11343472750316856
1124,CT,HARTFORD,78609,2840,9913,0.22269269975691994
1125,IL,CLINTON,5774,123,322,0.27640449438202247
1126,KY,JEFFERSON,7741,938,3456,0.21347291761492945
1127,LA,ORLEANS,1933,451,558,0.44697720515361744
1128,MD,ALLEGANY,7776,329,5755,0.054076265614727156
1129,MI,IONIA,7242,179,4391,0.039168490153172864
1130,MN,MOWER,4680,214,334,0.3905109489051095
1131,MN,TODD,2811,133,174,0.43322475570032576
1132,NC,FRANKLIN,6970,97,1542,0.059182428309945086
1133,PA,MONTGOMERY,70262,1734,7017,0.198148782996229
1134,SC,MARION,3578,274,2173,0.11197384552513281
1135,AK,JUNEAU,1338,49,107,0.3141025641025641
1136,CA,SANTA CRUZ,16162,511,9519,0.05094715852442672
1137,FL,DESOTO,3656,214,2986,0.066875
1138,IL,MONROE,4360,127,387,0.24708171206225682
1139,IN,WAYNE,4601,40,920,0.041666666666666664
1140,MI,NA,17800,986,10624,0.08492678725236864
1141,NY,JEFFERSON,5637,6,41,0.1276595744680851
1142,OH,SUMMIT,48324,4449,26013,0.1460508174118574
1143,FL,BAKER,2498,128,1668,0.07126948775055679
1144,KY,PERRY,2335,142,1691,0.07746863066012002
1145,MI,CLINTON,5495,350,3138,0.1003440366972477
1146,NC,HALIFAX,5638,413,2325,0.15084002921840758
1147,NJ,MIDDLESEX,94417,9775,43119,0.18480356940295686
1148,OH,PREBLE,3821,283,1723,0.14107676969092722
1149,PA,HUNTINGDON,5103,82,841,0.08884073672806067
1150,AR,JEFFERSON,6535,597,4863,0.10934065934065934
1151,CA,SAN JOAQUIN,73701,3454,19144,0.15284538454730506
1152,FL,HERNANDO,11966,605,11039,0.051958090003435244
1153,IN,NA,374749,2662,10600,0.2007238727190469
1154,KS,FORD,5723,381,3997,0.08702603928734581
1155,MI,CALHOUN,11921,478,6745,0.06617748857815312
1156,NC,NA,26830,1566,14346,0.09841628959276018
1157,NY,CHAUTAUQUA,8960,12,49,0.19672131147540983
1158,SD,NA,42122,4,20,0.16666666666666666
1159,TN,RHEA,4268,91,1823,0.04754440961337513
1160,CO,PUEBLO,18073,1425,6943,0.17029158699808794
1161,IA,BOONE,2654,30,241,0.11070110701107011
1162,ID,NA,21029,1066,13217,0.07463418049429392
1163,KS,GEARY,3516,122,1409,0.07968647942521227
1164,KY,NELSON,4576,205,3764,0.05165028974552784
1165,NC,MOORE,9014,520,4181,0.11061476281642203
1166,NC,PASQUOTANK,3399,136,1551,0.08061647895672792
1167,PA,CARBON,6358,195,1331,0.12778505897771952
1168,SC,ORANGEBURG,10016,525,5424,0.08825012607160868
1169,VA,CHESAPEAKE CITY,21088,1015,11795,0.07923497267759563
1170,AL,GENEVA,2465,49,589,0.0768025078369906
1171,IA,JONES,3066,36,577,0.05872756933115824
1172,IL,COOK,557416,35222,106783,0.24803351994648076
1173,MT,YELLOWSTONE,18033,1310,16483,0.0736244590569325
1174,PA,CAMBRIA,14778,745,3323,0.18313667649950835
1175,SC,DORCHESTER,18473,454,9979,0.043515767276909804
1176,VA,BOTETOURT,2566,65,1230,0.05019305019305019
1177,VT,ORLEANS,1193,23,1097,0.020535714285714286
1178,AL,ESCAMBIA,3824,77,997,0.07169459962756052
1179,GA,BALDWIN,3038,61,46,0.5700934579439252
1180,IL,LAKE,68527,4953,31261,0.13677030982492958
1181,KY,MERCER,1625,61,1330,0.04385334291876348
1182,MD,NA,17016,251,2832,0.08141420694129095
1183,NY,DELAWARE,2242,7,20,0.25925925925925924
1184,OH,COSHOCTON,2679,209,2157,0.08833474218089603
1185,CO,SUMMIT,3372,85,1882,0.043213014743263854
1186,FL,PINELLAS,58809,4147,36931,0.1009542820974731
1187,FL,WASHINGTON,2107,76,1232,0.0581039755351682
1188,MN,LE SUEUR,2922,145,117,0.5534351145038168
1189,MT,LEWIS AND CLARK,6937,297,3500,0.07821964708980775
1190,NY,ULSTER,14411,26,49,0.3466666666666667
1191,TN,HICKMAN,2731,57,1110,0.04884318766066838
1192,WA,KING,112085,6495,105571,0.05795691824460586
1193,WI,PIERCE,4055,111,2738,0.03896103896103896
1194,AL,COFFEE,5321,90,1470,0.057692307692307696
1195,AL,MONTGOMERY,23486,751,7526,0.09073335749667755
1196,CO,ELBERT,1537,104,193,0.3501683501683502
1197,MN,SCOTT,17546,861,440,0.6617986164488855
1198,WI,SHEBOYGAN,12868,614,5375,0.10252128902988812
1199,AZ,APACHE,13185,1218,1990,0.37967581047381543
1200,KS,SALINE,6284,334,4932,0.06342575009494873
1201,MN,DODGE,1819,59,126,0.31891891891891894
1202,MS,WASHINGTON,1482,151,857,0.1498015873015873
1203,NY,WAYNE,5650,7,6,0.5384615384615384
1204,NY,WYOMING,3362,7,56,0.1111111111111111
1205,PA,CLEARFIELD,8591,146,1997,0.06812879141390574
1206,PA,FRANKLIN,15394,341,3188,0.09662793992632474
1207,VA,JAMES CITY,4410,162,1851,0.08047690014903129
1208,VA,STAFFORD,11323,363,4156,0.08032750608541712
1209,WI,WINNEBAGO,18500,818,8198,0.09072759538598048
1210,CA,LAKE,3509,185,2796,0.06205971150620597
1211,GA,FLOYD,9106,4,4,0.5
1212,KY,HOPKINS,4037,378,3575,0.09562357703010371
1213,MI,OGEMAW,1409,88,707,0.11069182389937107
1214,NJ,HUNTERDON,10462,855,6212,0.12098485920475449
1215,NM,DOA ANA,23805,1346,2834,0.3220095693779904
1216,PA,JUNIATA,2083,29,283,0.09294871794871795
1217,AK,NA,12457,291,2462,0.10570286959680349
1218,KY,MONTGOMERY,2650,131,2418,0.05139270302079247
1219,MD,BALTIMORE,65936,249,1091,0.18582089552238806
1220,MS,HARRISON,2992,110,1255,0.08058608058608059
1221,NJ,WARREN,10290,1003,5837,0.1466374269005848
1222,WI,JUNEAU,2603,155,1148,0.11895625479662318
1223,AL,CLARKE,3350,81,808,0.09111361079865017
1224,KY,ANDERSON,2987,130,2370,0.052
1225,OR,JOSEPHINE,3403,291,2248,0.11461205198897204
1226,TN,WHITE,3574,118,1709,0.06458675424192666
1227,MN,MEEKER,2603,131,41,0.7616279069767442
1228,NC,VANCE,4950,222,3030,0.06826568265682657
1229,NH,HILLSBOROUGH,30783,773,17524,0.04224736295567579
1230,OH,WASHINGTON,5240,202,1286,0.135752688172043
1231,OR,JEFFERSON,2223,161,1538,0.09476162448499117
1232,OR,YAMHILL,4530,111,3249,0.033035714285714286
1233,UT,SALT LAKE,150678,4397,146271,0.029183370058672047
1234,CA,DEL NORTE,1380,19,831,0.02235294117647059
1235,CO,CHAFFEE,1483,32,165,0.16243654822335024
1236,FL,HILLSBOROUGH,101759,2379,34578,0.06437210812565955
1237,IA,BLACK HAWK,16435,299,4712,0.05966872879664738
1238,MD,GARRETT,2034,20,298,0.06289308176100629
1239,MN,STEARNS,22500,970,841,0.5356156819436775
1240,OH,LORAIN,25541,1531,4233,0.26561415683553086
1241,CA,SAN DIEGO,281892,15513,266360,0.05503542375466965
1242,CO,JEFFERSON,42440,2576,15722,0.1407804131599082
1243,KY,GRAYSON,2108,155,1805,0.07908163265306123
1244,NC,PERSON,3449,118,2360,0.047619047619047616
1245,UT,SANPETE,3811,10,3801,0.0026239832065074785
1246,VA,PITTSYLVANIA,5442,225,2475,0.08333333333333333
1247,AL,BIBB,2536,66,745,0.08138101109741061
1248,AR,FAULKNER,9732,531,6768,0.07274969173859433
1249,CO,EAGLE,5772,141,3796,0.035814071628143256
1250,KY,LINCOLN,1472,60,1308,0.043859649122807015
1251,NM,OTERO,5223,281,911,0.23573825503355705
1252,WI,DANE,44181,1466,24743,0.05593498416574459
1253,WI,LINCOLN,2976,136,1856,0.06827309236947791
1254,ID,JEROME,2596,188,1693,0.09994683678894205
1255,IL,VERMILION,10006,432,661,0.39524245196706315
1256,NJ,CAPE MAY,9941,1334,6717,0.16569370264563407
1257,NM,EDDY,6905,310,588,0.34521158129175944
1258,OH,FAYETTE,2792,235,1972,0.10647938377888537
1259,OK,BECKHAM,2839,184,1654,0.10010881392818281
1260,OR,HOOD RIVER,1155,39,989,0.037937743190661476
1261,OR,JACKSON,11119,751,7578,0.09016688678112618
1262,VA,HANOVER,8132,288,4265,0.06325499670546893
1263,GA,COWETA,10549,9,10,0.47368421052631576
1264,MI,MONTCALM,5337,250,2478,0.09164222873900293
1265,ND,GRAND FORKS,2462,54,2299,0.022949426264343393
1266,RI,KENT,15090,10,107,0.08547008547008547
1267,IL,BOONE,6779,335,5275,0.059714795008912656
1268,NC,HARNETT,11971,751,7802,0.08780544838068514
1269,NC,JACKSON,3615,109,1993,0.051855375832540435
1270,CA,MERCED,31193,1733,15644,0.09972952753639869
1271,GA,WARE,4016,34,12,0.7391304347826086
1272,ME,SAGADAHOC,1415,28,1017,0.026794258373205742
1273,MI,ISABELLA,5377,144,3720,0.037267080745341616
1274,MI,MACOMB,18742,1571,2187,0.41804151144225654
1275,MI,MARQUETTE,4282,149,3515,0.04066593886462882
1276,MN,BECKER,3860,215,148,0.5922865013774105
1277,NC,DAVIE,4116,147,2136,0.06438896189224705
1278,NY,BRONX,184825,24970,4161,0.8571624729669425
1279,VA,AMHERST,2888,117,1232,0.08673091178650852
1280,CA,TULARE,49649,2420,25809,0.08572744340925999
1281,MD,CALVERT,6370,104,1063,0.08911739502999143
1282,NJ,BURLINGTON,45315,4328,27692,0.13516552154903186
1283,SC,ABBEVILLE,2550,73,975,0.06965648854961833
1284,VA,NA,62798,2944,33102,0.08167341730011651
1285,VA,WAYNESBORO CITY,2352,68,1363,0.047519217330538085
1286,WI,KENOSHA,16279,942,5013,0.15818639798488665
1287,AL,HOUSTON,10277,174,2391,0.06783625730994151
1288,FL,OKEECHOBEE,3364,266,2778,0.0873850197109067
1289,IL,MADISON,31099,1107,11067,0.0909314933464761
1290,IN,GRANT,4992,151,832,0.1536113936927772
1291,KY,BELL,2812,144,2240,0.06040268456375839
1292,MI,MANISTEE,1086,53,621,0.07863501483679525
1293,SC,ANDERSON,23328,1025,10145,0.09176365264100268
1294,IN,ALLEN,22607,428,1311,0.24611845888441633
1295,IN,HENRY,4196,16,503,0.030828516377649325
1296,IN,LAPORTE,3171,39,142,0.2154696132596685
1297,MT,NA,32493,1954,22093,0.08125753732274296
1298,OH,CHAMPAIGN,3398,149,1855,0.07435129740518961
1299,PA,COLUMBIA,5856,80,1333,0.056617126680820945
1300,SC,RICHLAND,48245,1480,23901,0.05831133525077814
1301,AL,FRANKLIN,3998,84,1503,0.052930056710775046
1302,AL,MOBILE,39704,1386,13240,0.09476275126487078
1303,FL,MARION,27544,1811,16536,0.09870823567885757
1304,NE,DOUGLAS,54934,2,10,0.16666666666666666
1305,NY,LEWIS,2440,3,19,0.13636363636363635
1306,OH,PUTNAM,4297,277,2421,0.10266864343958487
1307,PA,BLAIR,13452,234,2334,0.0911214953271028
1308,PA,WESTMORELAND,34325,1874,6602,0.22109485606418122
1309,PA,YORK,46886,1414,8513,0.1424398106175078
1310,SC,BEAUFORT,17222,629,9901,0.0597340930674264
1311,FL,ALACHUA,21413,696,15258,0.04362542309138774
1312,FL,ST. JOHNS,14963,597,10530,0.05365327581558371
1313,GA,CHATHAM,17184,355,1081,0.24721448467966572
1314,GA,POLK,4699,5,8,0.38461538461538464
1315,IN,GIBSON,2121,27,92,0.226890756302521
1316,MA,BRISTOL,71635,1757,7126,0.19779353821907014
1317,OH,GUERNSEY,3215,251,2635,0.08697158697158697
1318,OK,DELAWARE,4687,229,2932,0.07244542866181589
1319,AL,JEFFERSON,76658,1638,25690,0.05993852459016393
1320,AL,LEE,15663,209,4241,0.04696629213483146
1321,AR,CRAWFORD,5675,355,3961,0.08225208526413345
1322,GA,HOUSTON,11928,62,169,0.2683982683982684
1323,MD,CHARLES,1898,120,694,0.14742014742014742
1324,MI,MONROE,11024,656,5669,0.10371541501976285
1325,NY,WARREN,3818,18,92,0.16363636363636364
1326,OK,CANADIAN,17066,626,9164,0.06394279877425944
1327,VA,ARLINGTON,15243,847,9113,0.08504016064257028
1328,AZ,YAVAPAI,19414,1750,7727,0.18465759206499946
1329,DC,NA,48748,7047,11033,0.3897676991150443
1330,IN,FRANKLIN,1214,36,65,0.3564356435643564
1331,KS,ELLIS,3682,168,2886,0.0550098231827112
1332,KY,ALLEN,4171,217,3006,0.06732857586099907
1333,KY,WOODFORD,2084,89,1902,0.04470115519839277
1334,MD,PRINCE GEORGE'S,82501,1701,2423,0.4124636275460718
1335,MI,IOSCO,1758,89,948,0.085824493731919
1336,NJ,ESSEX,97123,11977,52251,0.18647630316995703
1337,NY,MONTGOMERY,3707,37,228,0.13962264150943396
1338,OK,MCCLAIN,5088,322,3425,0.0859354149986656
1339,PA,SCHUYLKILL,14753,395,3314,0.10649770827716365
1340,SC,GREENWOOD,8364,272,3774,0.06722689075630252
1341,CA,SAN MATEO,42787,382,1908,0.16681222707423582
1342,CO,LOGAN,3398,220,696,0.24017467248908297
1343,KS,MONTGOMERY,3402,141,2430,0.05484247374562427
1344,MI,ST. CLAIR,13907,726,6786,0.09664536741214058
1345,MS,JACKSON,2412,116,947,0.10912511759172154
1346,PA,BUCKS,60706,1639,18823,0.08009969699931581
1347,VA,CULPEPER,4650,192,3096,0.058394160583941604
1348,VA,PRINCE GEORGE,3511,57,1788,0.030894308943089432
1349,VA,SCOTT,1827,126,1244,0.09197080291970802
1350,WA,CHELAN,6833,304,6528,0.04449648711943794
1351,AR,CRITTENDEN,5706,382,3436,0.1000523834468308
1352,AR,HEMPSTEAD,1428,65,879,0.06885593220338983
1353,IL,DEKALB,10156,609,5525,0.09928268666449298
1354,IN,VANDERBURGH,3551,66,1029,0.06027397260273973
1355,MS,DESOTO,2142,138,1238,0.1002906976744186
1356,PA,BEDFORD,4652,112,1032,0.0979020979020979
1357,PA,ERIE,21139,1160,8147,0.12463736972171484
1358,PA,LACKAWANNA,18479,689,4584,0.13066565522472975
1359,TN,JEFFERSON,5783,195,2599,0.06979241231209735
1360,WI,FOND DU LAC,12034,679,8748,0.07202715604115838
1361,AL,BALDWIN,20432,310,5367,0.05460630614761318
1362,AZ,MARICOPA,557306,49604,216940,0.18610060627888828
1363,IN,HANCOCK,5919,72,518,0.12203389830508475
1364,IN,OWEN,1062,4,21,0.16
1365,NC,GASTON,27025,1927,13560,0.12442693872279977
1366,NC,HOKE,4861,118,1179,0.09097918272937548
1367,NC,MECKLENBURG,114203,2484,58086,0.04101040118870728
1368,OH,SHELBY,4728,161,1237,0.11516452074391989
1369,VA,GLOUCESTER,2218,60,1349,0.042583392476934
1370,VA,PETERSBURG CITY,3661,170,1725,0.08970976253298153
1371,AZ,GILA,7012,715,4851,0.12845849802371542
1372,IA,PLYMOUTH,4054,61,1562,0.03758471965495995
1373,IN,BARTHOLOMEW,4534,55,421,0.11554621848739496
1374,KY,SHELBY,3399,136,2407,0.053480141565080616
1375,LA,NA,13112,1329,4774,0.21776175651319024
1376,MI,LENAWEE,9318,455,5691,0.07403189066059225
1377,OH,FAIRFIELD,16532,731,8049,0.08325740318906606
1378,OH,KNOX,4552,353,2447,0.12607142857142858
1379,IN,MORGAN,2429,44,197,0.1825726141078838
1380,OK,POTTAWATOMIE,8361,555,5524,0.09129791084059878
1381,PA,ARMSTRONG,5961,121,1052,0.10315430520034101
1382,PA,ELK,2833,58,908,0.060041407867494824
1383,WI,OZAUKEE,8203,407,2512,0.1394313120931826
1384,ME,PENOBSCOT,6294,226,4579,0.04703433922996878
1385,NC,BRUNSWICK,9249,315,7193,0.04195524773574853
1386,NC,CHATHAM,4665,209,2043,0.09280639431616342
1387,VA,DANVILLE CITY,4308,276,2039,0.11922246220302375
1388,VA,FREDERICKSBURG CITY,2082,101,869,0.10412371134020619
1389,VT,FRANKLIN,1939,50,1692,0.02870264064293915
1390,AL,ETOWAH,13342,241,2953,0.0754539762053851
1391,FL,LEE,45541,1913,16245,0.10535301244630466
1392,FL,MONROE,5325,187,3863,0.04617283950617284
1393,GA,NEWTON,9368,23,29,0.4423076923076923
1394,MN,CASS,2810,204,92,0.6891891891891891
1395,MN,NA,47196,2423,3527,0.40722689075630253
1396,NC,FORSYTH,36903,1772,15447,0.10290957663046635
1397,NC,YADKIN,4076,244,2645,0.0844582900657667
1398,NY,ROCKLAND,57216,1137,7137,0.13741841914430747
1399,SC,GEORGETOWN,6924,423,4287,0.08980891719745222
1400,TN,CUMBERLAND,6538,174,2911,0.05640194489465154
1401,CA,SANTA BARBARA,34418,1206,21044,0.05420224719101124
1402,MN,WASHINGTON,27425,1292,801,0.6172957477305303
1403,TN,DAVIDSON,88936,2028,27234,0.06930490055361903
1404,VA,MECKLENBURG,2221,90,790,0.10227272727272728
1405,CA,KERN,97072,6502,32430,0.16700914414877222
1406,GA,DODGE,1803,15,6,0.7142857142857143
1407,IN,LAKE,28535,1000,2120,0.32051282051282054
1408,IN,STEUBEN,2200,66,126,0.34375
1409,NY,SULLIVAN,6978,115,680,0.14465408805031446
1410,OH,MEIGS,1455,77,577,0.11773700305810397
1411,SC,EDGEFIELD,3192,102,1499,0.0637101811367895
1412,VA,SHENANDOAH,4229,205,2348,0.08029768899334117
1413,WI,MONROE,4571,147,2489,0.05576631259484067
1414,GA,BURKE,1209,10,7,0.5882352941176471
1415,IA,DES MOINES,4672,81,1285,0.05929721815519766
1416,MI,LIVINGSTON,14450,497,5360,0.08485572818849241
1417,OH,HAMILTON,79655,3238,34528,0.0857384949425409
1418,OH,HOCKING,2170,142,1497,0.08663819402074435
1419,OK,CREEK,6970,648,4075,0.13720093161126404
1420,TN,HARDEMAN,3343,100,1795,0.052770448548812667
1421,VA,CHESTERFIELD,27736,1010,15970,0.059481743227326266
1422,VA,FAUQUIER,4683,194,2992,0.06089139987445072
1423,WI,DOOR,2590,85,498,0.1457975986277873
1424,FL,GADSDEN,4226,346,3193,0.0977677309974569
1425,IN,JACKSON,3120,27,733,0.035526315789473684
1426,IN,MIAMI,2354,53,102,0.3419354838709677
1427,KY,CARTER,2129,86,1972,0.04178814382896016
1428,MA,FRANKLIN,2758,170,926,0.1551094890510949
1429,ME,NA,3186,146,2515,0.05486659150695227
1430,NY,NASSAU,209983,2366,4859,0.32747404844290656
1431,OH,ALLEN,11849,837,8132,0.0933214405173375
1432,PA,ALLEGHENY,101710,7262,44602,0.14002005244485577
1433,PA,INDIANA,6376,190,2035,0.0853932584269663
1434,PA,TIOGA,3080,118,682,0.1475
1435,TN,MAURY,13277,304,7117,0.04096482953779814
1436,TN,PUTNAM,11251,219,5641,0.03737201365187713
1437,VA,CARROLL,2692,220,1807,0.10853478046373952
1438,CA,PLACER,23573,897,9974,0.0825131082697084
1439,MA,HAMPSHIRE,10017,295,3570,0.07632600258732213
1440,ND,STARK,1251,56,1184,0.04516129032258064
1441,NJ,UNION,73840,7839,38464,0.16929788566615553
1442,VT,BENNINGTON,1499,65,1357,0.04571026722925457
1443,WA,DOUGLAS,3647,147,3500,0.04030710172744722
1444,IN,JOHNSON,10055,129,542,0.19225037257824143
1445,IN,SHELBY,3333,161,1204,0.11794871794871795
1446,KY,CLARK,2460,104,1623,0.06022003474232773
1447,MI,WEXFORD,2493,83,1288,0.060539752005835154
1448,SC,AIKEN,17856,722,8989,0.07434867675831532
1449,TN,GREENE,7656,206,3099,0.06232980332829047
1450,UT,CARBON,1103,2,1101,0.001813236627379873
1451,AL,SHELBY,24156,293,6536,0.04290525699223898
1452,FL,JACKSON,4929,282,2482,0.1020260492040521
1453,IA,DALLAS,11457,92,2703,0.032915921288014315
1454,MI,SANILAC,2438,115,1182,0.08866615265998458
1455,PA,NA,9791,308,2504,0.10953058321479374
1456,TN,HENDERSON,3673,82,1702,0.04596412556053812
1457,GA,CAMDEN,3342,4,5,0.4444444444444444
1458,IL,FULTON,4006,117,864,0.11926605504587157
1459,OH,HARDIN,2734,151,1757,0.07914046121593292
1460,PA,FAYETTE,13329,460,2810,0.14067278287461774
1461,UT,BOX ELDER,5589,35,5553,0.006263421617752327
1462,WA,SPOKANE,46618,2681,43925,0.057524782216881946
1463,AR,CARROLL,2363,117,1792,0.061288632792037716
1464,CA,EL DORADO,10354,314,4093,0.07125028363966417
1465,GA,HALL,13680,243,1082,0.18339622641509434
1466,KY,MUHLENBERG,2632,89,2131,0.04009009009009009
1467,NM,VALENCIA,7146,428,549,0.43807574206755373
1468,WA,WHATCOM,9818,470,9347,0.04787613323826016
1469,MD,CAROLINE,2210,33,396,0.07692307692307693
1470,NC,MCDOWELL,5237,143,3760,0.03663848321803741
1471,NY,WASHINGTON,2410,64,90,0.4155844155844156
1472,OH,TUSCARAWAS,8533,658,5426,0.10815253122945431
1473,OH,VAN WERT,2422,90,1751,0.04888647474198805
1474,PA,PIKE,3997,152,1244,0.10888252148997135
1475,PA,UNION,6084,294,1269,0.18809980806142035
1476,TN,KNOX,50577,1408,32785,0.041178018892755824
1477,WI,JACKSON,2001,76,490,0.13427561837455831
1478,AZ,GRAHAM,5553,306,2012,0.13201035375323555
1479,LA,JEFFERSON,1547,216,510,0.2975206611570248
1480,ME,CUMBERLAND,17178,477,12482,0.03680839570954549
1481,MI,CHARLEVOIX,1258,50,1024,0.04655493482309125
1482,NM,GRANT,1719,108,125,0.463519313304721
1483,OH,MORROW,2882,144,1863,0.07174887892376682
1484,PA,LEHIGH,39747,1132,16342,0.06478196177177521
1485,AL,PIKE,2885,40,941,0.040774719673802244
1486,IA,DUBUQUE,13716,144,4043,0.034392166228803436
1487,KY,WARREN,9339,468,7712,0.05721271393643032
1488,MI,OTSEGO,1908,77,1461,0.05006501950585176
1489,MT,FLATHEAD,12108,420,9191,0.043699927166788055
1490,OH,WYANDOT,2316,163,1649,0.08995584988962473
1491,TN,CAMPBELL,3405,118,1776,0.06230200633579725
1492,UT,NA,27987,185,27657,0.006644637597873716
1493,AR,UNION,2952,122,1795,0.06364110589462701
1494,MI,HILLSDALE,3817,172,2506,0.0642270351008215
1495,MO,ST. LOUIS,14626,7,4,0.6363636363636364
1496,NC,LENOIR,6202,465,3392,0.12056002074150894
1497,NY,BROOME,18654,85,478,0.15097690941385436
1498,OK,CADDO,3936,262,2705,0.08830468486686889
1499,AL,CALHOUN,13312,222,2854,0.07217165149544863
1500,CO,NA,29964,1665,12216,0.11994813053814567
1501,GA,LIBERTY,3024,40,36,0.5263157894736842
1502,GA,OCONEE,2685,22,44,0.3333333333333333
1503,IA,POTTAWATTAMIE,11329,238,3212,0.06898550724637681
1504,IN,HUNTINGTON,2368,7,36,0.16279069767441862
1505,OR,MARION,22596,1314,14150,0.08497154681841697
1506,VA,HOPEWELL CITY,2374,102,1070,0.08703071672354949
1507,VA,ROANOKE CITY,8511,258,3793,0.06368797827696865
1508,WI,MILWAUKEE,69013,4794,37967,0.11211150347279063
1509,GA,GRADY,1576,69,129,0.3484848484848485
1510,IA,WASHINGTON,2606,73,707,0.09358974358974359
1511,MO,NA,17599,62,296,0.17318435754189945
1512,OH,UNION,5790,219,2911,0.06996805111821086
1513,PA,SUSQUEHANNA,2632,127,941,0.11891385767790262
1514,SC,DILLON,4515,265,2945,0.08255451713395638
1515,SC,SPARTANBURG,42027,2271,19418,0.10470745539213426
1516,TN,LOUDON,5911,144,2630,0.05191059841384282
1517,TX,NA,32842,67,280,0.1930835734870317
1518,GA,WHITE,1103,35,80,0.30434782608695654
1519,KY,OHIO,2200,62,1390,0.04269972451790634
1520,MI,ST. JOSEPH,5552,147,3698,0.03823146944083225
1521,NC,DURHAM,25640,797,18388,0.04154287203544436
1522,NC,MONTGOMERY,3335,241,2511,0.08757267441860465
1523,TN,RUTHERFORD,41767,609,13865,0.042075445626640874
1524,VA,LYNCHBURG CITY,7763,336,3392,0.09012875536480687
